episode_reward_max,episode_reward_min,episode_reward_mean,episode_len_mean,episodes_this_iter,timesteps_this_iter,done,timesteps_total,episodes_total,training_iteration,experiment_id,date,timestamp,time_this_iter_s,time_total_s,pid,hostname,node_ip,time_since_restore,timesteps_since_restore,iterations_since_restore,num_healthy_workers,trial_id,policy_reward_min/policy_0,policy_reward_min/policy_1,policy_reward_min/policy_2,policy_reward_max/policy_0,policy_reward_max/policy_1,policy_reward_max/policy_2,policy_reward_mean/policy_0,policy_reward_mean/policy_1,policy_reward_mean/policy_2,sampler_perf/mean_env_wait_ms,sampler_perf/mean_processing_ms,sampler_perf/mean_inference_ms,info/num_steps_trained,info/num_steps_sampled,info/sample_time_ms,info/load_time_ms,info/grad_time_ms,info/update_time_ms,info/learner/policy_0/cur_kl_coeff,info/learner/policy_0/cur_lr,info/learner/policy_0/total_loss,info/learner/policy_0/policy_loss,info/learner/policy_0/vf_loss,info/learner/policy_0/vf_explained_var,info/learner/policy_0/kl,info/learner/policy_0/entropy,info/learner/policy_0/entropy_coeff,info/learner/policy_1/cur_kl_coeff,info/learner/policy_1/cur_lr,info/learner/policy_1/total_loss,info/learner/policy_1/policy_loss,info/learner/policy_1/vf_loss,info/learner/policy_1/vf_explained_var,info/learner/policy_1/kl,info/learner/policy_1/entropy,info/learner/policy_1/entropy_coeff,info/learner/policy_2/cur_kl_coeff,info/learner/policy_2/cur_lr,info/learner/policy_2/total_loss,info/learner/policy_2/policy_loss,info/learner/policy_2/vf_loss,info/learner/policy_2/vf_explained_var,info/learner/policy_2/kl,info/learner/policy_2/entropy,info/learner/policy_2/entropy_coeff
0.0,0.0,0.0,74.125,16,2000,False,2000,16,1,048bf5f142634de2b1fe67af9a20af00,2022-03-29_14-46-20,1648565180,13.77591061592102,13.77591061592102,15712,d30d74f2ddad,172.17.0.3,13.77591061592102,2000,1,10,eb2e2dd4,0.0,0.0,0.0,0.0,0.0,0.0,0.0,0.0,0.0,6.8515286368517145,0.9014400380167795,5.016390882914338,2000,2000,3527.987,800.619,3836.013,5067.626,0.20000000298023224,0.0002500000118743628,-0.237951397895813,-0.2108442485332489,4.50399693363579e-06,0.4599650204181671,0.011101784184575081,2.933204174041748,0.009999999776482582,0.20000000298023224,0.0002500000118743628,-0.23034901916980743,-0.20315837860107422,3.925532837456558e-06,0.2824549674987793,0.010710364207625389,2.9336626529693604,0.009999999776482582,0.20000000298023224,0.0002500000118743628,-0.23526857793331146,-0.20815259218215942,4.489911134442082e-06,0.4528573155403137,0.011062548495829105,2.933300495147705,0.009999999776482582
0.0,0.0,0.0,82.37931034482759,13,2000,False,4000,29,2,048bf5f142634de2b1fe67af9a20af00,2022-03-29_14-46-25,1648565185,5.5385754108428955,19.314486026763916,15712,d30d74f2ddad,172.17.0.3,19.314486026763916,4000,2,10,eb2e2dd4,0.0,0.0,0.0,0.0,0.0,0.0,0.0,0.0,0.0,6.671341970941298,0.8970188408356494,4.853347184630941,4000,4000,3026.313,493.246,3290.187,2561.661,0.20000000298023224,0.0002500000118743628,-0.2619565725326538,-0.2354723960161209,6.226743494153197e-07,0.45157021284103394,0.013622161000967026,2.9209210872650146,0.009999999776482582,0.20000000298023224,0.0002500000118743628,-0.2632237672805786,-0.2369060218334198,4.890446234639967e-07,0.38241562247276306,0.014475200325250626,2.921326160430908,0.009999999776482582,0.20000000298023224,0.0002500000118743628,-0.2571074366569519,-0.23076309263706207,5.142384793543897e-07,0.48712730407714844,0.014310002326965332,2.9206860065460205,0.009999999776482582
0.0,-3.0,-0.06382978723404255,106.91489361702128,18,2000,False,6000,47,3,048bf5f142634de2b1fe67af9a20af00,2022-03-29_14-46-31,1648565191,5.770618438720703,25.08510446548462,15712,d30d74f2ddad,172.17.0.3,25.08510446548462,6000,3,10,eb2e2dd4,-1.0,-1.0,-1.0,0.0,0.0,0.0,-0.02127659574468085,-0.02127659574468085,-0.02127659574468085,6.646376222301129,0.8797973457807343,4.737824243269835,6000,6000,2912.872,393.565,3119.269,1734.867,0.20000000298023224,0.0002500000118743628,-0.09501498192548752,-0.0686522051692009,0.0011209137737751007,0.7113315463066101,0.008530616760253906,2.9189815521240234,0.009999999776482582,0.20000000298023224,0.0002500000118743628,-0.09518106281757355,-0.06882724910974503,0.0010881740599870682,0.7405481934547424,0.008761333301663399,2.919423818588257,0.009999999776482582,0.20000000298023224,0.0002500000118743628,-0.09499641507863998,-0.06847687065601349,0.0008665125933475792,0.7587049007415771,0.008991552516818047,2.9184367656707764,0.009999999776482582
0.0,-3.0,-0.04411764705882353,101.94117647058823,21,2000,False,8000,68,4,048bf5f142634de2b1fe67af9a20af00,2022-03-29_14-46-37,1648565197,5.6142284870147705,30.69933295249939,15712,d30d74f2ddad,172.17.0.3,30.69933295249939,8000,4,10,eb2e2dd4,-1.0,-1.0,-1.0,0.0,0.0,0.0,-0.014705882352941176,-0.014705882352941176,-0.014705882352941176,6.6375021632674605,0.8995241749389813,4.648524998179904,8000,8000,2865.156,343.298,2989.743,1318.068,0.20000000298023224,0.0002500000118743628,-0.2573791444301605,-0.23172211647033691,0.0002541961439419538,0.7094897627830505,0.015827249735593796,2.9076671600341797,0.009999999776482582,0.20000000298023224,0.0002500000118743628,-0.2580604553222656,-0.23244494199752808,0.00025262089911848307,0.6147361993789673,0.016139831393957138,2.9096102714538574,0.009999999776482582,0.20000000298023224,0.0002500000118743628,-0.2589578926563263,-0.23348194360733032,0.0003091214457526803,0.6962876319885254,0.01650158502161503,2.908543348312378,0.009999999776482582
0.0,-3.0,-0.03125,95.48958333333333,28,2000,False,10000,96,5,048bf5f142634de2b1fe67af9a20af00,2022-03-29_14-46-43,1648565203,5.551168441772461,36.25050139427185,15712,d30d74f2ddad,172.17.0.3,36.25050139427185,10000,5,10,eb2e2dd4,-1.0,-1.0,-1.0,0.0,0.0,0.0,-0.010416666666666666,-0.010416666666666666,-0.010416666666666666,6.57996872752886,0.9062716141477223,4.57222788956654,10000,10000,2807.943,312.16,2928.885,1069.665,0.20000000298023224,0.0002500000118743628,-0.25692862272262573,-0.23155546188354492,9.033245441969484e-05,0.27510809898376465,0.017487073317170143,2.8960938453674316,0.009999999776482582,0.20000000298023224,0.0002500000118743628,-0.2573072910308838,-0.23209430277347565,6.0693491832353175e-05,0.07932648062705994,0.018573926761746407,2.898845911026001,0.009999999776482582,0.20000000298023224,0.0002500000118743628,-0.25683295726776123,-0.2316005676984787,0.0001378215674776584,0.4035762846469879,0.018037129193544388,2.8977649211883545,0.009999999776482582
0.0,-3.0,-0.06,98.81,22,2000,False,12000,118,6,048bf5f142634de2b1fe67af9a20af00,2022-03-29_14-46-48,1648565208,5.368893384933472,41.61939477920532,15712,d30d74f2ddad,172.17.0.3,41.61939477920532,12000,6,10,eb2e2dd4,-1.0,-1.0,-1.0,0.0,0.0,0.0,-0.02,-0.02,-0.02,6.51723456433406,0.9005707854176191,4.455779074223608,12000,12000,2758.502,290.856,2871.957,901.816,0.20000000298023224,0.0002500000118743628,-0.10685347765684128,-0.08119788765907288,0.0011137702967971563,0.7435131669044495,0.011003086343407631,2.8969969749450684,0.009999999776482582,0.20000000298023224,0.0002500000118743628,-0.10105997323989868,-0.07519588619470596,0.0010487185791134834,0.7653645873069763,0.010377858765423298,2.8988380432128906,0.009999999776482582,0.20000000298023224,0.0002500000118743628,-0.10754838585853577,-0.08199069648981094,0.0012938547879457474,0.7037234306335449,0.010654828511178493,2.89825177192688,0.009999999776482582
3.0,-3.0,0.0,88.35,21,2000,False,14000,139,7,048bf5f142634de2b1fe67af9a20af00,2022-03-29_14-46-54,1648565214,5.460267782211304,47.079662561416626,15712,d30d74f2ddad,172.17.0.3,47.079662561416626,14000,7,10,eb2e2dd4,-1.0,-1.0,-1.0,1.0,1.0,1.0,0.0,0.0,0.0,6.508012426590348,0.9046702115780326,4.410128065093629,14000,14000,2730.349,276.555,2837.907,779.541,0.20000000298023224,0.0002500000118743628,-0.1819917857646942,-0.15883348882198334,0.002340068109333515,0.5436029434204102,0.017013903707265854,2.8901138305664062,0.009999999776482582,0.20000000298023224,0.0002500000118743628,-0.18216544389724731,-0.1589924842119217,0.002331806579604745,0.5176980495452881,0.017124652862548828,2.892970323562622,0.009999999776482582,0.20000000298023224,0.0002500000118743628,-0.18814843893051147,-0.16532544791698456,0.002668608445674181,0.4936106503009796,0.017034849151968956,2.889857053756714,0.009999999776482582
3.0,-3.0,0.0,92.78,15,2000,False,16000,154,8,048bf5f142634de2b1fe67af9a20af00,2022-03-29_14-46-59,1648565219,5.556101322174072,52.6357638835907,15712,d30d74f2ddad,172.17.0.3,52.6357638835907,16000,8,10,eb2e2dd4,-1.0,-1.0,-1.0,1.0,1.0,1.0,0.0,0.0,0.0,6.491427540742438,0.8936048380598836,4.392033235150849,16000,16000,2727.265,265.823,2805.767,688.521,0.20000000298023224,0.0002500000118743628,-0.25870829820632935,-0.23452019691467285,0.00033713242737576365,0.6147789359092712,0.021291498094797134,2.878354072570801,0.009999999776482582,0.20000000298023224,0.0002500000118743628,-0.260105162858963,-0.2357717901468277,0.00025169149739667773,0.7067518830299377,0.02135811373591423,2.8856682777404785,0.009999999776482582,0.20000000298023224,0.0002500000118743628,-0.25698012113571167,-0.2327430546283722,0.0002617209975142032,0.6836143732070923,0.021457713097333908,2.879033327102661,0.009999999776482582
3.0,-3.0,0.03,95.66,19,2000,False,18000,173,9,048bf5f142634de2b1fe67af9a20af00,2022-03-29_14-47-05,1648565225,5.617326021194458,58.253089904785156,15712,d30d74f2ddad,172.17.0.3,58.253089904785156,18000,9,10,eb2e2dd4,-1.0,-1.0,-1.0,1.0,1.0,1.0,0.01,0.01,0.01,6.497592382450701,0.8835701539628663,4.384362036150655,18000,18000,2726.75,256.393,2786.157,617.512,0.30000001192092896,0.0002500000118743628,-0.12180477380752563,-0.0999244973063469,0.0028483914211392403,0.24151210486888885,0.013625739142298698,2.8816423416137695,0.009999999776482582,0.30000001192092896,0.0002500000118743628,-0.12415698170661926,-0.10264787822961807,0.0028647705912590027,0.26508674025535583,0.014893478713929653,2.8841922283172607,0.009999999776482582,0.30000001192092896,0.0002500000118743628,-0.12128285318613052,-0.09957063943147659,0.0029023373499512672,-0.042144253849983215,0.014042841270565987,2.8827404975891113,0.009999999776482582
3.0,-3.0,0.06,100.94,20,2000,False,20000,193,10,048bf5f142634de2b1fe67af9a20af00,2022-03-29_14-47-10,1648565230,5.5302629470825195,63.783352851867676,15712,d30d74f2ddad,172.17.0.3,63.783352851867676,20000,10,10,eb2e2dd4,-1.0,-1.0,-1.0,1.0,1.0,1.0,0.02,0.02,0.02,6.513709574979462,0.8783659602574742,4.382873991367525,20000,20000,2721.993,248.858,2765.202,562.347,0.30000001192092896,0.0002500000118743628,-0.19323502480983734,-0.17045119404792786,0.0009103222982957959,0.1369580626487732,0.0168243870139122,2.8741486072540283,0.009999999776482582,0.30000001192092896,0.0002500000118743628,-0.19201070070266724,-0.16949352622032166,0.0009408045443706214,0.22362762689590454,0.017784737050533295,2.8793392181396484,0.009999999776482582,0.30000001192092896,0.0002500000118743628,-0.19180205464363098,-0.1692275106906891,0.0009510738891549408,0.23079553246498108,0.0174648966640234,2.8765077590942383,0.009999999776482582
3.0,-3.0,0.09,105.73,15,2000,False,22000,208,11,048bf5f142634de2b1fe67af9a20af00,2022-03-29_14-47-16,1648565236,5.60192084312439,69.38527369499207,15712,d30d74f2ddad,172.17.0.3,69.38527369499207,22000,11,10,eb2e2dd4,-1.0,-1.0,-1.0,1.0,1.0,1.0,0.03,0.03,0.03,6.49859204430053,0.8808600706112785,4.385952995740178,22000,22000,2646.703,187.258,2637.845,61.44,0.30000001192092896,0.0002500000118743628,-0.1161908209323883,-0.0935826450586319,0.0021879379637539387,0.4413878917694092,0.013271791860461235,2.877765655517578,0.009999999776482582,0.30000001192092896,0.0002500000118743628,-0.1193375363945961,-0.09681791067123413,0.002257530577480793,0.41349565982818604,0.013432158157229424,2.8806796073913574,0.009999999776482582,0.30000001192092896,0.0002500000118743628,-0.11491960287094116,-0.09278146922588348,0.0027239734772592783,0.2282007783651352,0.013037082739174366,2.8773245811462402,0.009999999776482582
3.0,0.0,0.12,108.79,20,2000,False,24000,228,12,048bf5f142634de2b1fe67af9a20af00,2022-03-29_14-47-22,1648565242,5.596388578414917,74.98166227340698,15712,d30d74f2ddad,172.17.0.3,74.98166227340698,24000,12,10,eb2e2dd4,0.0,0.0,0.0,1.0,1.0,1.0,0.04,0.04,0.04,6.502481515173665,0.881709862085073,4.389187663097342,24000,24000,2655.633,195.514,2624.873,63.62,0.30000001192092896,0.0002500000118743628,-0.2559891641139984,-0.23379088938236237,0.0002204988122684881,0.369157075881958,0.02076822705566883,2.8649215698242188,0.009999999776482582,0.30000001192092896,0.0002500000118743628,-0.2582489252090454,-0.23628874123096466,0.00022153669851832092,0.3830104470252991,0.021592698991298676,2.865954875946045,0.009999999776482582,0.30000001192092896,0.0002500000118743628,-0.25308021903038025,-0.2311137616634369,0.00023376224271487445,0.5267231464385986,0.021547049283981323,2.8664326667785645,0.009999999776482582
3.0,0.0,0.12,109.13,14,2000,False,26000,242,13,048bf5f142634de2b1fe67af9a20af00,2022-03-29_14-47-28,1648565248,5.78383207321167,80.76549434661865,15712,d30d74f2ddad,172.17.0.3,80.76549434661865,26000,13,10,eb2e2dd4,0.0,0.0,0.0,1.0,1.0,1.0,0.04,0.04,0.04,6.493463954429965,0.8806415697076955,4.382262194629115,26000,26000,2663.783,194.262,2622.062,60.626,0.44999998807907104,0.0002500000118743628,-0.10639688372612,-0.08522329479455948,0.0024348872248083353,0.396418035030365,0.01136622205376625,2.872328042984009,0.009999999776482582,0.44999998807907104,0.0002500000118743628,-0.10689617693424225,-0.08592817932367325,0.002614130498841405,0.3417329788208008,0.011440452188253403,2.873033046722412,0.009999999776482582,0.44999998807907104,0.0002500000118743628,-0.11203381419181824,-0.09095706790685654,0.002280298387631774,0.42209574580192566,0.011898915283381939,2.8711555004119873,0.009999999776482582
3.0,0.0,0.09,111.46,23,2000,False,28000,265,14,048bf5f142634de2b1fe67af9a20af00,2022-03-29_14-47-33,1648565253,5.620183944702148,86.3856782913208,15712,d30d74f2ddad,172.17.0.3,86.3856782913208,28000,14,10,eb2e2dd4,0.0,0.0,0.0,1.0,1.0,1.0,0.03,0.03,0.03,6.466519861044276,0.8819729373177961,4.386716299761694,28000,28000,2666.458,194.639,2619.668,61.56,0.44999998807907104,0.0002500000118743628,-0.24857643246650696,-0.22919750213623047,0.00036454948713071644,0.4130356013774872,0.01971515081822872,2.86152982711792,0.009999999776482582,0.44999998807907104,0.0002500000118743628,-0.2507070302963257,-0.23076441884040833,0.00026980924303643405,0.4843447804450989,0.018796822056174278,2.867098331451416,0.009999999776482582,0.44999998807907104,0.0002500000118743628,-0.24577447772026062,-0.22618022561073303,0.0003911597887054086,0.440419465303421,0.01917668618261814,2.8614907264709473,0.009999999776482582
3.0,0.0,0.06,109.29,15,2000,False,30000,280,15,048bf5f142634de2b1fe67af9a20af00,2022-03-29_14-47-39,1648565259,5.862478256225586,92.24815654754639,15712,d30d74f2ddad,172.17.0.3,92.24815654754639,30000,15,10,eb2e2dd4,0.0,0.0,0.0,1.0,1.0,1.0,0.02,0.02,0.02,6.436238188151717,0.882844610855143,4.385935226430582,30000,30000,2698.719,195.138,2621.312,58.278,0.44999998807907104,0.0002500000118743628,-0.2536814212799072,-0.23431989550590515,7.117091445252299e-05,0.3308461904525757,0.020138120278716087,2.849484920501709,0.009999999776482582,0.44999998807907104,0.0002500000118743628,-0.2575536370277405,-0.23795506358146667,5.584543396253139e-05,0.3890250027179718,0.01984560675919056,2.858494997024536,0.009999999776482582,0.44999998807907104,0.0002500000118743628,-0.2531466782093048,-0.2336675524711609,6.391831993823871e-05,0.32011789083480835,0.019998520612716675,2.854236602783203,0.009999999776482582
3.0,0.0,0.09,105.67,25,2000,False,32000,305,16,048bf5f142634de2b1fe67af9a20af00,2022-03-29_14-47-45,1648565265,5.546047210693359,97.79420375823975,15712,d30d74f2ddad,172.17.0.3,97.79420375823975,32000,16,10,eb2e2dd4,0.0,0.0,0.0,1.0,1.0,1.0,0.03,0.03,0.03,6.463175573028588,0.8810368882802543,4.3953828565586885,32000,32000,2715.506,196.003,2620.17,59.456,0.675000011920929,0.0002500000118743628,-0.1001436784863472,-0.08309004455804825,0.004814045038074255,0.39521288871765137,0.00988897867500782,2.8542747497558594,0.009999999776482582,0.44999998807907104,0.0002500000118743628,-0.10106352716684341,-0.08314644545316696,0.00516157690435648,0.3481002748012543,0.01230523083359003,2.8616020679473877,0.009999999776482582,0.44999998807907104,0.0002500000118743628,-0.10136455297470093,-0.08363761007785797,0.0053407130762934685,0.2929859161376953,0.012196472845971584,2.8556067943573,0.009999999776482582
3.0,0.0,0.12,99.25,24,2000,False,34000,329,17,048bf5f142634de2b1fe67af9a20af00,2022-03-29_14-47-51,1648565271,5.748265981674194,103.54246973991394,15712,d30d74f2ddad,172.17.0.3,103.54246973991394,34000,17,10,eb2e2dd4,0.0,0.0,0.0,1.0,1.0,1.0,0.04,0.04,0.04,6.469266316630823,0.8862116225001319,4.400046529206939,34000,34000,2739.809,196.366,2619.922,63.806,0.675000011920929,0.0002500000118743628,-0.18805575370788574,-0.17247670888900757,0.002474609762430191,0.3760325014591217,0.015379630960524082,2.843488931655884,0.009999999776482582,0.44999998807907104,0.0002500000118743628,-0.18543262779712677,-0.16681426763534546,0.0022528476547449827,0.4173251688480377,0.016976531594991684,2.851065158843994,0.009999999776482582,0.44999998807907104,0.0002500000118743628,-0.18022552132606506,-0.16179797053337097,0.002519126981496811,0.3553153872489929,0.01668160781264305,2.845339298248291,0.009999999776482582
3.0,0.0,0.09,100.88,12,2000,False,36000,341,18,048bf5f142634de2b1fe67af9a20af00,2022-03-29_14-47-56,1648565276,5.474172115325928,109.01664185523987,15712,d30d74f2ddad,172.17.0.3,109.01664185523987,36000,18,10,eb2e2dd4,0.0,0.0,0.0,1.0,1.0,1.0,0.03,0.03,0.03,6.474376354494915,0.8847405632168248,4.4037192703444425,36000,36000,2724.99,195.609,2625.077,65.986,0.675000011920929,0.0002500000118743628,-0.2510973811149597,-0.23514199256896973,0.00022258270473685116,0.42858588695526123,0.018223494291305542,2.847881555557251,0.009999999776482582,0.44999998807907104,0.0002500000118743628,-0.2521703839302063,-0.23291641473770142,0.0002953338553197682,0.4483012855052948,0.019883975386619568,2.8497114181518555,0.009999999776482582,0.44999998807907104,0.0002500000118743628,-0.2546134293079376,-0.23558369278907776,0.00022752791119273752,0.26790547370910645,0.020415760576725006,2.8444342613220215,0.009999999776482582
3.0,0.0,0.15,93.65,22,2000,False,38000,363,19,048bf5f142634de2b1fe67af9a20af00,2022-03-29_14-48-02,1648565282,5.733647346496582,114.75028920173645,15712,d30d74f2ddad,172.17.0.3,114.75028920173645,38000,19,10,eb2e2dd4,0.0,0.0,0.0,1.0,1.0,1.0,0.05,0.05,0.05,6.485153551345962,0.8883694910225896,4.407199279768779,38000,38000,2735.358,196.331,2624.435,67.689,0.675000011920929,0.0002500000118743628,-0.11688419431447983,-0.100491963326931,0.004615355748683214,0.421314537525177,0.011003993451595306,2.843528985977173,0.009999999776482582,0.44999998807907104,0.0002500000118743628,-0.12247150391340256,-0.10461874306201935,0.004435082897543907,0.4249197840690613,0.013849510811269283,2.852012872695923,0.009999999776482582,0.675000011920929,0.0002500000118743628,-0.11335468292236328,-0.09652704000473022,0.004000272136181593,0.5131949782371521,0.011280827224254608,2.8442487716674805,0.009999999776482582
3.0,0.0,0.15,100.04,24,2000,False,40000,387,20,048bf5f142634de2b1fe67af9a20af00,2022-03-29_14-48-07,1648565287,5.5777411460876465,120.3280303478241,15712,d30d74f2ddad,172.17.0.3,120.3280303478241,40000,20,10,eb2e2dd4,0.0,0.0,0.0,1.0,1.0,1.0,0.05,0.05,0.05,6.496123101533401,0.8949284850690009,4.402267343862935,40000,40000,2735.324,196.711,2628.595,68.271,0.675000011920929,0.0002500000118743628,-0.2435094118118286,-0.22740724682807922,0.0005005354760214686,0.34727466106414795,0.017389066517353058,2.8340322971343994,0.009999999776482582,0.44999998807907104,0.0002500000118743628,-0.2441772073507309,-0.22554901242256165,0.0005241698818281293,0.36409828066825867,0.02047385461628437,2.8365590572357178,0.009999999776482582,0.675000011920929,0.0002500000118743628,-0.24336454272270203,-0.22742165625095367,0.0005172928795218468,0.34290915727615356,0.017587576061487198,2.833179235458374,0.009999999776482582
3.0,0.0,0.09,97.94,11,2000,False,42000,398,21,048bf5f142634de2b1fe67af9a20af00,2022-03-29_14-48-13,1648565293,5.539483547210693,125.86751389503479,15712,d30d74f2ddad,172.17.0.3,125.86751389503479,42000,21,10,eb2e2dd4,0.0,0.0,0.0,1.0,1.0,1.0,0.03,0.03,0.03,6.494982661653096,0.8951381427951123,4.406140941228349,42000,42000,2720.081,196.269,2638.008,67.593,0.675000011920929,0.0002500000118743628,-0.24973158538341522,-0.234013631939888,0.00010122508683707565,0.1978382021188736,0.018649684265255928,2.840773582458496,0.009999999776482582,0.675000011920929,0.0002500000118743628,-0.2507668435573578,-0.23464764654636383,0.00012054116814397275,0.23470184206962585,0.01806112751364708,2.8431005477905273,0.009999999776482582,0.675000011920929,0.0002500000118743628,-0.2517092227935791,-0.23623856902122498,0.0001228594483109191,0.20448541641235352,0.018998291343450546,2.841736078262329,0.009999999776482582
3.0,0.0,0.12,107.56,20,2000,False,44000,418,22,048bf5f142634de2b1fe67af9a20af00,2022-03-29_14-48-19,1648565299,6.060893774032593,131.92840766906738,15712,d30d74f2ddad,172.17.0.3,131.92840766906738,44000,22,10,eb2e2dd4,0.0,0.0,0.0,1.0,1.0,1.0,0.04,0.04,0.04,6.45258070202458,0.8928068990718807,4.401441159180112,44000,44000,2721.269,188.041,2689.215,68.456,0.675000011920929,0.0002500000118743628,-0.09624366462230682,-0.07759168744087219,0.0029975418001413345,0.1862884759902954,0.01005255151540041,2.843498468399048,0.009999999776482582,0.675000011920929,0.0002500000118743628,-0.0972520038485527,-0.07865697145462036,0.002966355998069048,0.2588951587677002,0.010179073549807072,2.843226432800293,0.009999999776482582,0.675000011920929,0.0002500000118743628,-0.09498631954193115,-0.07597474008798599,0.0028892820701003075,0.22538062930107117,0.009592578746378422,2.8375864028930664,0.009999999776482582
3.0,0.0,0.09,103.56,24,2000,False,46000,442,23,048bf5f142634de2b1fe67af9a20af00,2022-03-29_14-48-25,1648565305,5.731743574142456,137.66015124320984,15712,d30d74f2ddad,172.17.0.3,137.66015124320984,46000,23,10,eb2e2dd4,0.0,0.0,0.0,1.0,1.0,1.0,0.03,0.03,0.03,6.450272426705219,0.8893767094539755,4.389261057156242,46000,46000,2724.2,196.743,2673.319,68.428,0.675000011920929,0.0002500000118743628,-0.24693076312541962,-0.23113496601581573,0.00018642435315996408,0.28888043761253357,0.018208559602499008,2.8272998332977295,0.009999999776482582,0.675000011920929,0.0002500000118743628,-0.2405804991722107,-0.22500509023666382,0.00017486770229879767,0.3137913644313812,0.01869460940361023,2.8369128704071045,0.009999999776482582,0.675000011920929,0.0002500000118743628,-0.24726617336273193,-0.23191532492637634,0.00019839189189951867,0.2423776239156723,0.01881818100810051,2.825148820877075,0.009999999776482582
3.0,0.0,0.03,101.92,17,2000,False,48000,459,24,048bf5f142634de2b1fe67af9a20af00,2022-03-29_14-48-31,1648565311,5.666860342025757,143.3270115852356,15712,d30d74f2ddad,172.17.0.3,143.3270115852356,48000,24,10,eb2e2dd4,0.0,0.0,0.0,1.0,1.0,1.0,0.01,0.01,0.01,6.434261895036636,0.8895606150266951,4.3897122080393975,48000,48000,2722.79,196.202,2677.656,70.271,0.675000011920929,0.0002500000118743628,-0.2506507337093353,-0.23537606000900269,5.426743518910371e-05,0.12474985420703888,0.0191965252161026,2.8286619186401367,0.009999999776482582,0.675000011920929,0.0002500000118743628,-0.250886470079422,-0.23564699292182922,4.287720730644651e-05,-0.12093228101730347,0.019318634644150734,2.8322408199310303,0.009999999776482582,0.675000011920929,0.0002500000118743628,-0.2512873113155365,-0.23563309013843536,4.4675929530058056e-05,-0.26766863465309143,0.01860077865421772,2.825442314147949,0.009999999776482582
3.0,0.0,0.06,105.5,24,2000,False,50000,483,25,048bf5f142634de2b1fe67af9a20af00,2022-03-29_14-48-36,1648565316,5.300476551055908,148.6274881362915,15712,d30d74f2ddad,172.17.0.3,148.6274881362915,50000,25,10,eb2e2dd4,0.0,0.0,0.0,1.0,1.0,1.0,0.02,0.02,0.02,6.406678237571257,0.8889628839862097,4.374162266168256,50000,50000,2677.901,195.531,2664.822,72.301,0.675000011920929,0.0002500000118743628,-0.08710070699453354,-0.06818662583827972,0.0032704900950193405,0.1967390924692154,0.009078621864318848,2.8312644958496094,0.009999999776482582,0.675000011920929,0.0002500000118743628,-0.08680512011051178,-0.06786243617534637,0.003180092666298151,0.23556220531463623,0.009222855791449547,2.834820032119751,0.009999999776482582,0.675000011920929,0.0002500000118743628,-0.08678802847862244,-0.06814446300268173,0.0032239193096756935,0.22536134719848633,0.009397446177899837,2.8210761547088623,0.009999999776482582
3.0,-3.0,0.06,97.79,25,2000,False,52000,508,26,048bf5f142634de2b1fe67af9a20af00,2022-03-29_14-48-42,1648565322,5.778354644775391,154.4058427810669,15712,d30d74f2ddad,172.17.0.3,154.4058427810669,52000,26,10,eb2e2dd4,-1.0,-1.0,-1.0,1.0,1.0,1.0,0.02,0.02,0.02,6.4118990265145905,0.8889956569268971,4.356479701429241,52000,52000,2704.157,193.945,2665.095,70.717,0.675000011920929,0.0002500000118743628,-0.11675110459327698,-0.10090287029743195,0.0045558251440525055,0.3631938695907593,0.011581993661820889,2.8221898078918457,0.009999999776482582,0.675000011920929,0.0002500000118743628,-0.12039978802204132,-0.10376769304275513,0.003988558892160654,0.4303586483001709,0.01137644425034523,2.8299760818481445,0.009999999776482582,0.675000011920929,0.0002500000118743628,-0.11946915835142136,-0.10359650105237961,0.0044331857934594154,0.36668163537979126,0.011568114161491394,2.811432361602783,0.009999999776482582
3.0,-3.0,0.03,96.53,19,2000,False,54000,527,27,048bf5f142634de2b1fe67af9a20af00,2022-03-29_14-48-48,1648565328,5.807917356491089,160.21376013755798,15712,d30d74f2ddad,172.17.0.3,160.21376013755798,54000,27,10,eb2e2dd4,-1.0,-1.0,-1.0,1.0,1.0,1.0,0.01,0.01,0.01,6.412012432792246,0.892220402431734,4.348457866967932,54000,54000,2710.967,192.765,2665.302,70.244,0.675000011920929,0.0002500000118743628,-0.2457752674818039,-0.23045754432678223,0.0004031261778436601,0.49003881216049194,0.01846563071012497,2.818513870239258,0.009999999776482582,0.675000011920929,0.0002500000118743628,-0.24845553934574127,-0.23315081000328064,0.0003667093114927411,0.3914662003517151,0.01860949397087097,2.8232836723327637,0.009999999776482582,0.675000011920929,0.0002500000118743628,-0.24694375693798065,-0.23147273063659668,0.00032265784102492034,0.3450239300727844,0.01823006384074688,2.8098983764648438,0.009999999776482582
3.0,-3.0,0.0,95.7,16,2000,False,56000,543,28,048bf5f142634de2b1fe67af9a20af00,2022-03-29_14-48-53,1648565333,5.651165962219238,165.86492609977722,15712,d30d74f2ddad,172.17.0.3,165.86492609977722,56000,28,10,eb2e2dd4,-1.0,-1.0,-1.0,1.0,1.0,1.0,0.0,0.0,0.0,6.404533256083761,0.8920941284913624,4.347221774094752,56000,56000,2719.378,192.841,2674.774,69.732,0.675000011920929,0.0002500000118743628,-0.11767977476119995,-0.09992484748363495,0.002228519646450877,-0.003789186477661133,0.012154643423855305,2.8187835216522217,0.009999999776482582,0.675000011920929,0.0002500000118743628,-0.11815713346004486,-0.10007312148809433,0.0021988628432154655,0.315792977809906,0.011846372857689857,2.827918767929077,0.009999999776482582,0.675000011920929,0.0002500000118743628,-0.11117294430732727,-0.09272178262472153,0.0021708356216549873,-0.0038592517375946045,0.011224117130041122,2.819827079772949,0.009999999776482582
3.0,-3.0,0.0,95.16,26,2000,False,58000,569,29,048bf5f142634de2b1fe67af9a20af00,2022-03-29_14-48-59,1648565339,5.42479395866394,171.28972005844116,15712,d30d74f2ddad,172.17.0.3,171.28972005844116,58000,29,10,eb2e2dd4,-1.0,-1.0,-1.0,1.0,1.0,1.0,0.0,0.0,0.0,6.3998481771986135,0.8883834607802373,4.322985784821607,58000,58000,2699.644,191.736,2665.041,68.712,0.675000011920929,0.0002500000118743628,-0.12433847784996033,-0.10786838084459305,0.0034872181713581085,0.6194213032722473,0.012119689956307411,2.813809633255005,0.009999999776482582,0.675000011920929,0.0002500000118743628,-0.12687313556671143,-0.11072574555873871,0.004171868786215782,0.5415445566177368,0.011699755676090717,2.821657657623291,0.009999999776482582,0.675000011920929,0.0002500000118743628,-0.12266115844249725,-0.10612937808036804,0.004188541788607836,0.5324773788452148,0.010974093340337276,2.8127825260162354,0.009999999776482582
3.0,-3.0,0.0,91.21,13,2000,False,60000,582,30,048bf5f142634de2b1fe67af9a20af00,2022-03-29_14-49-04,1648565344,5.318487882614136,176.6082079410553,15712,d30d74f2ddad,172.17.0.3,176.6082079410553,60000,30,10,eb2e2dd4,-1.0,-1.0,-1.0,1.0,1.0,1.0,0.0,0.0,0.0,6.394168702458912,0.8862323444779477,4.317253039242761,60000,60000,2680.062,192.318,2657.635,69.04,0.675000011920929,0.0002500000118743628,-0.2112230360507965,-0.19706730544567108,0.0021912027150392532,0.5129907727241516,0.017573095858097076,2.820878744125366,0.009999999776482582,0.675000011920929,0.0002500000118743628,-0.2066931277513504,-0.19231727719306946,0.0019792597740888596,0.4802584648132324,0.017595523968338966,2.823207378387451,0.009999999776482582,0.675000011920929,0.0002500000118743628,-0.20200344920158386,-0.18722078204154968,0.0019450514810159802,0.38929492235183716,0.016987459734082222,2.819425106048584,0.009999999776482582
3.0,-3.0,0.0,100.59,20,2000,False,62000,602,31,048bf5f142634de2b1fe67af9a20af00,2022-03-29_14-49-10,1648565350,5.526212692260742,182.13442063331604,15712,d30d74f2ddad,172.17.0.3,182.13442063331604,62000,31,10,eb2e2dd4,-1.0,-1.0,-1.0,1.0,1.0,1.0,0.0,0.0,0.0,6.363144617488383,0.8877911399002971,4.314844122277486,62000,62000,2684.335,194.089,2650.54,68.611,0.675000011920929,0.0002500000118743628,-0.16272974014282227,-0.1462888866662979,0.0018793288618326187,0.4008740186691284,0.014568745158612728,2.81540846824646,0.009999999776482582,0.675000011920929,0.0002500000118743628,-0.16876664757728577,-0.1525585949420929,0.0019285362213850021,0.38272708654403687,0.014941790141165257,2.8222274780273438,0.009999999776482582,0.675000011920929,0.0002500000118743628,-0.1564929485321045,-0.13991014659404755,0.001817239448428154,0.36991000175476074,0.014404889196157455,2.81233286857605,0.009999999776482582
3.0,-3.0,-0.03,107.72,20,2000,False,64000,622,32,048bf5f142634de2b1fe67af9a20af00,2022-03-29_14-49-15,1648565355,5.406888008117676,187.54130864143372,15712,d30d74f2ddad,172.17.0.3,187.54130864143372,64000,32,10,eb2e2dd4,-1.0,-1.0,-1.0,1.0,1.0,1.0,-0.01,-0.01,-0.01,6.359883215313648,0.8835071995707284,4.309879876606931,64000,64000,2677.458,193.516,2596.848,65.337,0.675000011920929,0.0002500000118743628,-0.24743138253688812,-0.23259244859218597,0.00017148938786704093,0.4872993528842926,0.01940089464187622,2.8106017112731934,0.009999999776482582,0.675000011920929,0.0002500000118743628,-0.2472332864999771,-0.23228630423545837,0.00017416950140614063,0.4700011610984802,0.01932191103696823,2.8163440227508545,0.009999999776482582,0.675000011920929,0.0002500000118743628,-0.2477136254310608,-0.23301854729652405,0.00020853022579103708,0.49060457944869995,0.019477102905511856,2.805063486099243,0.009999999776482582
3.0,-3.0,-0.03,106.02,14,2000,False,66000,636,33,048bf5f142634de2b1fe67af9a20af00,2022-03-29_14-49-21,1648565361,5.452721118927002,192.99402976036072,15712,d30d74f2ddad,172.17.0.3,192.99402976036072,66000,33,10,eb2e2dd4,-1.0,-1.0,-1.0,1.0,1.0,1.0,-0.01,-0.01,-0.01,6.335782513591205,0.8848552037906601,4.306696078051233,66000,66000,2650.748,185.008,2603.244,65.505,0.675000011920929,0.0002500000118743628,-0.11108195036649704,-0.09262590855360031,0.0022456180304288864,0.43747490644454956,0.01112968847155571,2.8214213848114014,0.009999999776482582,0.675000011920929,0.0002500000118743628,-0.10873118042945862,-0.09000066667795181,0.0022272185888141394,0.5158847570419312,0.010696614161133766,2.8177950382232666,0.009999999776482582,0.675000011920929,0.0002500000118743628,-0.11619918048381805,-0.09786475449800491,0.0020767238456755877,0.46565502882003784,0.011478908360004425,2.81594181060791,0.009999999776482582
3.0,-3.0,-0.03,108.24,19,2000,False,68000,655,34,048bf5f142634de2b1fe67af9a20af00,2022-03-29_14-49-26,1648565366,5.551071643829346,198.54510140419006,15712,d30d74f2ddad,172.17.0.3,198.54510140419006,68000,34,10,eb2e2dd4,-1.0,-1.0,-1.0,1.0,1.0,1.0,-0.01,-0.01,-0.01,6.319821889098773,0.8826446300743322,4.308753759695845,68000,68000,2638.925,190.842,2599.757,63.183,0.675000011920929,0.0002500000118743628,-0.25098732113838196,-0.23656749725341797,0.0002825940027832985,0.5280567407608032,0.01983841322362423,2.809330940246582,0.009999999776482582,0.675000011920929,0.0002500000118743628,-0.24347414076328278,-0.22909429669380188,0.00033396732760593295,0.590563952922821,0.019901640713214874,2.8147408962249756,0.009999999776482582,0.675000011920929,0.0002500000118743628,-0.24088463187217712,-0.22657907009124756,0.0003676557680591941,0.31095731258392334,0.019888220354914665,2.8097755908966064,0.009999999776482582
0.0,-3.0,-0.06,111.67,21,2000,False,70000,676,35,048bf5f142634de2b1fe67af9a20af00,2022-03-29_14-49-32,1648565372,5.69654393196106,204.24164533615112,15712,d30d74f2ddad,172.17.0.3,204.24164533615112,70000,35,10,eb2e2dd4,-1.0,-1.0,-1.0,0.0,0.0,0.0,-0.02,-0.02,-0.02,6.352763840844956,0.8850293927416157,4.3255089396135515,70000,70000,2673.366,191.209,2605.663,61.638,0.675000011920929,0.0002500000118743628,-0.24895766377449036,-0.23441016674041748,9.434984531253576e-05,0.24037820100784302,0.019893527030944824,2.8069965839385986,0.009999999776482582,0.675000011920929,0.0002500000118743628,-0.24768739938735962,-0.23236827552318573,8.947606693254784e-05,0.4006352722644806,0.01872497797012329,2.804795742034912,0.009999999776482582,0.675000011920929,0.0002500000118743628,-0.24997735023498535,-0.2350292205810547,7.711340731475502e-05,0.03409785032272339,0.01939697191119194,2.811816692352295,0.009999999776482582
0.0,-3.0,-0.06,105.28,18,2000,False,72000,694,36,048bf5f142634de2b1fe67af9a20af00,2022-03-29_14-49-38,1648565378,5.35678768157959,209.5984330177307,15712,d30d74f2ddad,172.17.0.3,209.5984330177307,72000,36,10,eb2e2dd4,-1.0,-1.0,-1.0,0.0,0.0,0.0,-0.02,-0.02,-0.02,6.344847147076579,0.8824341447329026,4.323177044943574,72000,72000,2635.308,191.903,2600.579,61.955,0.675000011920929,0.0002500000118743628,-0.24648481607437134,-0.2322608381509781,3.2988951716106385e-05,0.3542651832103729,0.020516209304332733,2.810542106628418,0.009999999776482582,0.675000011920929,0.0002500000118743628,-0.24613478779792786,-0.23247526586055756,3.426192051847465e-05,0.4562460780143738,0.02126137539744377,2.8045225143432617,0.009999999776482582,0.675000011920929,0.0002500000118743628,-0.24634981155395508,-0.23162958025932312,2.8283902793191373e-05,-0.060952842235565186,0.01979420706629753,2.810964822769165,0.009999999776482582
0.0,-3.0,-0.06,107.74,23,2000,False,74000,717,37,048bf5f142634de2b1fe67af9a20af00,2022-03-29_14-49-44,1648565384,5.85260272026062,215.45103573799133,15712,d30d74f2ddad,172.17.0.3,215.45103573799133,74000,37,10,eb2e2dd4,-1.0,-1.0,-1.0,0.0,0.0,0.0,-0.02,-0.02,-0.02,6.364983715933607,0.8840872949135192,4.33055375794684,74000,74000,2644.874,191.248,2599.356,58.864,1.0125000476837158,0.0002500000118743628,-0.08779309689998627,-0.06857247650623322,0.0019275402883067727,0.503657877445221,0.006805133074522018,2.8038363456726074,0.009999999776482582,1.0125000476837158,0.0002500000118743628,-0.08684998750686646,-0.06806234270334244,0.001961737871170044,0.5451188683509827,0.007182689383625984,2.802185535430908,0.009999999776482582,0.675000011920929,0.0002500000118743628,-0.08910477161407471,-0.06876557320356369,0.001991135301068425,0.47668522596359253,0.008528292179107666,2.8086929321289062,0.009999999776482582
0.0,-3.0,-0.06,99.37,22,2000,False,76000,739,38,048bf5f142634de2b1fe67af9a20af00,2022-03-29_14-49-49,1648565389,5.51878809928894,220.96982383728027,15712,d30d74f2ddad,172.17.0.3,220.96982383728027,76000,38,10,eb2e2dd4,-1.0,-1.0,-1.0,0.0,0.0,0.0,-0.02,-0.02,-0.02,6.386402168662736,0.8875236169914947,4.339544571472147,76000,76000,2647.205,190.946,2585.307,58.58,1.0125000476837158,0.0002500000118743628,-0.1588984727859497,-0.14554883539676666,0.0025838231667876244,0.43589136004447937,0.012005014345049858,2.808852195739746,0.009999999776482582,1.0125000476837158,0.0002500000118743628,-0.1552874892950058,-0.141981303691864,0.0024448258336633444,0.45797574520111084,0.01210884191095829,2.801119089126587,0.009999999776482582,0.675000011920929,0.0002500000118743628,-0.1606321930885315,-0.1447833776473999,0.0024906229227781296,0.4598602056503296,0.014435576274991035,2.8083443641662598,0.009999999776482582
0.0,-3.0,-0.06,100.97,15,2000,False,78000,754,39,048bf5f142634de2b1fe67af9a20af00,2022-03-29_14-49-55,1648565395,5.360373497009277,226.33019733428955,15712,d30d74f2ddad,172.17.0.3,226.33019733428955,78000,39,10,eb2e2dd4,-1.0,-1.0,-1.0,0.0,0.0,0.0,-0.02,-0.02,-0.02,6.390193116991482,0.8905448751683923,4.349217537232146,78000,78000,2641.884,191.175,2583.663,59.783,1.0125000476837158,0.0002500000118743628,-0.24295765161514282,-0.23285040259361267,0.00041221760329790413,0.36577606201171875,0.01735914871096611,2.8095617294311523,0.009999999776482582,1.0125000476837158,0.0002500000118743628,-0.2450043261051178,-0.23395764827728271,0.00027714890893548727,0.3297114670276642,0.016580794006586075,2.811189651489258,0.009999999776482582,0.675000011920929,0.0002500000118743628,-0.24709196388721466,-0.23213712871074677,0.00030164027702994645,0.3050946593284607,0.01902114227414131,2.8095734119415283,0.009999999776482582
0.0,-3.0,-0.06,104.79,15,2000,False,80000,769,40,048bf5f142634de2b1fe67af9a20af00,2022-03-29_14-50-00,1648565400,5.459383487701416,231.78958082199097,15712,d30d74f2ddad,172.17.0.3,231.78958082199097,80000,40,10,eb2e2dd4,-1.0,-1.0,-1.0,0.0,0.0,0.0,-0.02,-0.02,-0.02,6.378389278562885,0.8913992370589326,4.348967397162043,80000,80000,2657.371,191.477,2582.037,58.946,1.0125000476837158,0.0002500000118743628,-0.246621236205101,-0.23537878692150116,9.476165723754093e-05,0.1581130176782608,0.0165710411965847,2.8115410804748535,0.009999999776482582,1.0125000476837158,0.0002500000118743628,-0.24717234075069427,-0.23539268970489502,8.083388092927635e-05,0.37254929542541504,0.01603676564991474,2.809769868850708,0.009999999776482582,0.675000011920929,0.0002500000118743628,-0.24970734119415283,-0.23497416079044342,7.348247163463384e-05,0.16372089087963104,0.019724024459719658,2.8120365142822266,0.009999999776482582
0.0,-3.0,-0.06,103.35,22,2000,False,82000,791,41,048bf5f142634de2b1fe67af9a20af00,2022-03-29_14-50-06,1648565406,5.422270774841309,237.21185159683228,15712,d30d74f2ddad,172.17.0.3,237.21185159683228,82000,41,10,eb2e2dd4,-1.0,-1.0,-1.0,0.0,0.0,0.0,-0.02,-0.02,-0.02,6.394353915364005,0.8952651679982155,4.358775226684844,82000,82000,2649.198,189.602,2581.277,59.657,1.0125000476837158,0.0002500000118743628,-0.2444615215063095,-0.2331274002790451,2.686607331270352e-05,-0.03113815188407898,0.01655716262757778,2.8125085830688477,0.009999999776482582,1.0125000476837158,0.0002500000118743628,-0.24505802989006042,-0.23373174667358398,3.2234922400675714e-05,0.49790287017822266,0.0164787657558918,2.804326295852661,0.009999999776482582,0.675000011920929,0.0002500000118743628,-0.24842941761016846,-0.23378726840019226,3.1531701097264886e-05,0.5304362773895264,0.019796449691057205,2.8036317825317383,0.009999999776482582
0.0,-3.0,-0.03,104.91,23,2000,False,84000,814,42,048bf5f142634de2b1fe67af9a20af00,2022-03-29_14-50-11,1648565411,5.9009788036346436,243.11283040046692,15712,d30d74f2ddad,172.17.0.3,243.11283040046692,84000,42,10,eb2e2dd4,-1.0,-1.0,-1.0,0.0,0.0,0.0,-0.01,-0.01,-0.01,6.3742779697649405,0.8931584786486094,4.352185499174737,84000,84000,2682.035,189.658,2595.603,60.801,1.0125000476837158,0.0002500000118743628,-0.2443419098854065,-0.23343954980373383,1.3940126336819958e-05,0.12153306603431702,0.016947153955698013,2.8075289726257324,0.009999999776482582,1.0125000476837158,0.0002500000118743628,-0.2394445687532425,-0.22781802713871002,1.6371674064430408e-05,0.48643481731414795,0.01617346704006195,2.8018529415130615,0.009999999776482582,0.675000011920929,0.0002500000118743628,-0.24816036224365234,-0.23314431309700012,1.4795075003348757e-05,0.38152408599853516,0.019154546782374382,2.796016216278076,0.009999999776482582
0.0,0.0,0.0,91.34,29,2000,False,86000,843,43,048bf5f142634de2b1fe67af9a20af00,2022-03-29_14-50-17,1648565417,5.619466304779053,248.73229670524597,15712,d30d74f2ddad,172.17.0.3,248.73229670524597,86000,43,10,eb2e2dd4,0.0,0.0,0.0,0.0,0.0,0.0,0.0,0.0,0.0,6.342504973734435,0.8857383850855973,4.341275346790213,86000,86000,2707.705,189.222,2587.177,61.55,1.0125000476837158,0.0002500000118743628,-0.23872160911560059,-0.22791945934295654,7.035165708657587e-06,0.00013577938079833984,0.017052344977855682,2.807469606399536,0.009999999776482582,1.0125000476837158,0.0002500000118743628,-0.24087227880954742,-0.2292463630437851,8.522950338374358e-06,0.49910297989845276,0.016146034002304077,2.798229455947876,0.009999999776482582,0.675000011920929,0.0002500000118743628,-0.24427855014801025,-0.2303558886051178,7.949528480821755e-06,0.26531070470809937,0.020757555961608887,2.7941973209381104,0.009999999776482582
3.0,-3.0,0.06,87.03,19,2000,False,88000,862,44,048bf5f142634de2b1fe67af9a20af00,2022-03-29_14-50-23,1648565423,5.492613792419434,254.2249104976654,15712,d30d74f2ddad,172.17.0.3,254.2249104976654,88000,44,10,eb2e2dd4,-1.0,-1.0,-1.0,1.0,1.0,1.0,0.02,0.02,0.02,6.309379455869803,0.8828531123083705,4.336719127833016,88000,88000,2707.505,182.123,2588.662,60.88,1.0125000476837158,0.0002500000118743628,-0.09939585626125336,-0.08582451194524765,0.006356040481477976,0.6051265001296997,0.00812047254294157,2.8149354457855225,0.009999999776482582,1.0125000476837158,0.0002500000118743628,-0.09879312664270401,-0.08591827005147934,0.0062097772024571896,0.6186800003051758,0.008872698992490768,2.8068246841430664,0.009999999776482582,1.0125000476837158,0.0002500000118743628,-0.10009059309959412,-0.0864701122045517,0.005855168681591749,0.6418878436088562,0.008506297133862972,2.808828353881836,0.009999999776482582
3.0,-3.0,0.0,89.06,14,2000,False,90000,876,45,048bf5f142634de2b1fe67af9a20af00,2022-03-29_14-50-28,1648565428,5.6428234577178955,259.8677339553833,15712,d30d74f2ddad,172.17.0.3,259.8677339553833,90000,45,10,eb2e2dd4,-1.0,-1.0,-1.0,1.0,1.0,1.0,0.0,0.0,0.0,6.310479219868646,0.8791446426416223,4.324844213222885,90000,90000,2695.68,189.939,2584.276,63.726,1.0125000476837158,0.0002500000118743628,-0.19408808648586273,-0.18418052792549133,0.0033438466489315033,0.6167736649513245,0.014723381027579308,2.8158810138702393,0.009999999776482582,1.0125000476837158,0.0002500000118743628,-0.1905359923839569,-0.18088550865650177,0.003418418113142252,0.6706648468971252,0.01481555961072445,2.8069658279418945,0.009999999776482582,1.0125000476837158,0.0002500000118743628,-0.2006363719701767,-0.1906532198190689,0.0026932540349662304,0.755092978477478,0.015174304135143757,2.8040366172790527,0.009999999776482582
3.0,-3.0,0.0,93.85,18,2000,False,92000,894,46,048bf5f142634de2b1fe67af9a20af00,2022-03-29_14-50-34,1648565434,5.475950241088867,265.34368419647217,15712,d30d74f2ddad,172.17.0.3,265.34368419647217,92000,46,10,eb2e2dd4,-1.0,-1.0,-1.0,1.0,1.0,1.0,0.0,0.0,0.0,6.311498238641721,0.8777427500248075,4.313535307788863,92000,92000,2696.655,189.753,2592.796,65.363,1.0125000476837158,0.0002500000118743628,-0.17212553322315216,-0.16356290876865387,0.004915039986371994,0.44792911410331726,0.01449495367705822,2.8153786659240723,0.009999999776482582,1.0125000476837158,0.0002500000118743628,-0.18288008868694305,-0.17518123984336853,0.005233279895037413,0.4397803544998169,0.014982474967837334,2.810189962387085,0.009999999776482582,1.0125000476837158,0.0002500000118743628,-0.18788295984268188,-0.18058329820632935,0.005279721692204475,0.4307984411716461,0.015284746885299683,2.8055191040039062,0.009999999776482582
3.0,-3.0,0.03,97.45,14,2000,False,94000,908,47,048bf5f142634de2b1fe67af9a20af00,2022-03-29_14-50-39,1648565439,5.417107582092285,270.76079177856445,15712,d30d74f2ddad,172.17.0.3,270.76079177856445,94000,47,10,eb2e2dd4,-1.0,-1.0,-1.0,1.0,1.0,1.0,0.01,0.01,0.01,6.312541205565817,0.8786875831770261,4.313246821260122,94000,94000,2655.786,190.707,2589.522,65.214,1.0125000476837158,0.0002500000118743628,-0.20086747407913208,-0.18997448682785034,0.002530996687710285,0.5785619020462036,0.014557269401848316,2.81632137298584,0.009999999776482582,1.0125000476837158,0.0002500000118743628,-0.19464337825775146,-0.18480122089385986,0.0023449002765119076,0.5846412181854248,0.0156632699072361,2.8046112060546875,0.009999999776482582,1.0125000476837158,0.0002500000118743628,-0.1909777671098709,-0.17965862154960632,0.0022019280586391687,0.643267035484314,0.014388792216777802,2.808973789215088,0.009999999776482582
3.0,-3.0,0.03,106.01,20,2000,False,96000,928,48,048bf5f142634de2b1fe67af9a20af00,2022-03-29_14-50-45,1648565445,5.495020389556885,276.25581216812134,15712,d30d74f2ddad,172.17.0.3,276.25581216812134,96000,48,10,eb2e2dd4,-1.0,-1.0,-1.0,1.0,1.0,1.0,0.01,0.01,0.01,6.289271056488247,0.8764342737711052,4.307478185481349,96000,96000,2652.062,191.145,2584.193,70.05,1.0125000476837158,0.0002500000118743628,-0.24329642951488495,-0.23220382630825043,0.00043915421701967716,0.45979517698287964,0.016270359978079796,2.8005530834198,0.009999999776482582,1.0125000476837158,0.0002500000118743628,-0.23932573199272156,-0.2286132425069809,0.0004958578501828015,0.6286594867706299,0.016487762331962585,2.7902185916900635,0.009999999776482582,1.0125000476837158,0.0002500000118743628,-0.24183496832847595,-0.23062801361083984,0.0004439032345544547,0.5203498005867004,0.016135193407535553,2.7987723350524902,0.009999999776482582
3.0,-3.0,-0.03,119.38,21,2000,False,98000,949,49,048bf5f142634de2b1fe67af9a20af00,2022-03-29_14-50-50,1648565450,5.440690279006958,281.6965024471283,15712,d30d74f2ddad,172.17.0.3,281.6965024471283,98000,49,10,eb2e2dd4,-1.0,-1.0,-1.0,1.0,1.0,1.0,-0.01,-0.01,-0.01,6.31985786694238,0.8796487329613091,4.3082297463628,98000,98000,2647.396,192.655,2595.937,69.848,1.0125000476837158,0.0002500000118743628,-0.12409290671348572,-0.10806666314601898,0.001763385720551014,0.08243328332901001,0.01013681385666132,2.8053157329559326,0.009999999776482582,1.0125000476837158,0.0002500000118743628,-0.1251932978630066,-0.10974149405956268,0.0018945415504276752,0.3286373019218445,0.010527780279517174,2.800572633743286,0.009999999776482582,1.0125000476837158,0.0002500000118743628,-0.12208551168441772,-0.10636425763368607,0.001893316162750125,0.06515417993068695,0.010333351790904999,2.807708740234375,0.009999999776482582
3.0,-3.0,0.0,116.03,20,2000,False,100000,969,50,048bf5f142634de2b1fe67af9a20af00,2022-03-29_14-50-56,1648565456,5.501978874206543,287.19848132133484,15712,d30d74f2ddad,172.17.0.3,287.19848132133484,100000,50,10,eb2e2dd4,-1.0,-1.0,-1.0,1.0,1.0,1.0,0.0,0.0,0.0,6.301445752361016,0.8778168807366287,4.307006401280746,100000,100000,2633.327,193.06,2611.861,70.91,1.0125000476837158,0.0002500000118743628,-0.14399942755699158,-0.1301221251487732,0.002686742227524519,0.2598680853843689,0.011394784785807133,2.8101277351379395,0.009999999776482582,1.0125000476837158,0.0002500000118743628,-0.13308526575565338,-0.11927302181720734,0.0028122111689299345,0.34519991278648376,0.011261537671089172,2.802676200866699,0.009999999776482582,1.0125000476837158,0.0002500000118743628,-0.13652898371219635,-0.12287525087594986,0.0027741901576519012,0.3679940402507782,0.011531844735145569,2.810391664505005,0.009999999776482582
3.0,-3.0,0.06,101.37,26,2000,False,102000,995,51,048bf5f142634de2b1fe67af9a20af00,2022-03-29_14-51-02,1648565462,5.577948331832886,292.7764296531677,15712,d30d74f2ddad,172.17.0.3,292.7764296531677,102000,51,10,eb2e2dd4,-1.0,-1.0,-1.0,1.0,1.0,1.0,0.02,0.02,0.02,6.294858697112173,0.878268798298599,4.312656197801945,102000,102000,2654.3,194.082,2603.41,72.409,1.0125000476837158,0.0002500000118743628,-0.1539560854434967,-0.14187000691890717,0.003038799623027444,0.27550676465034485,0.01277240552008152,2.8056931495666504,0.009999999776482582,1.0125000476837158,0.0002500000118743628,-0.14673496782779694,-0.13427546620368958,0.002943646628409624,0.286438524723053,0.012372136116027832,2.7929935455322266,0.009999999776482582,1.0125000476837158,0.0002500000118743628,-0.1519925594329834,-0.1402207612991333,0.003251322079449892,0.26671871542930603,0.012808452360332012,2.7991669178009033,0.009999999776482582
3.0,-3.0,0.03,89.42,24,2000,False,104000,1019,52,048bf5f142634de2b1fe67af9a20af00,2022-03-29_14-51-07,1648565467,5.56683087348938,298.3432605266571,15712,d30d74f2ddad,172.17.0.3,298.3432605266571,104000,52,10,eb2e2dd4,-1.0,-1.0,-1.0,1.0,1.0,1.0,0.01,0.01,0.01,6.269882040767271,0.8782273299418424,4.304400531175431,104000,104000,2636.376,194.636,2588.746,72.266,1.0125000476837158,0.0002500000118743628,-0.24189385771751404,-0.23043911159038544,0.0002176889101974666,-0.0356871634721756,0.01613318920135498,2.8007290363311768,0.009999999776482582,1.0125000476837158,0.0002500000118743628,-0.24169693887233734,-0.23087245225906372,0.0002429706510156393,0.19155409932136536,0.01668710634112358,2.7963156700134277,0.009999999776482582,1.0125000476837158,0.0002500000118743628,-0.24363690614700317,-0.23376092314720154,0.00020803006191272289,0.4374018907546997,0.017744092270731926,2.8049917221069336,0.009999999776482582
3.0,0.0,0.09,83.24,19,2000,False,106000,1038,53,048bf5f142634de2b1fe67af9a20af00,2022-03-29_14-51-13,1648565473,5.5523521900177,303.8956127166748,15712,d30d74f2ddad,172.17.0.3,303.8956127166748,106000,53,10,eb2e2dd4,0.0,0.0,0.0,1.0,1.0,1.0,0.03,0.03,0.03,6.283150234268994,0.8839643563731372,4.301370148964221,106000,106000,2620.972,196.27,2596.012,71.494,1.0125000476837158,0.0002500000118743628,-0.10879945009946823,-0.09268270432949066,0.002875281497836113,0.3276504874229431,0.008981140330433846,2.8085427284240723,0.009999999776482582,1.0125000476837158,0.0002500000118743628,-0.10552016645669937,-0.0894591435790062,0.0029690812807530165,0.3167728781700134,0.008930662646889687,2.807239055633545,0.009999999776482582,1.0125000476837158,0.0002500000118743628,-0.10765121877193451,-0.09201449900865555,0.0027460744604468346,0.3735671639442444,0.00958953332155943,2.8092200756073,0.009999999776482582
3.0,0.0,0.06,94.04,18,2000,False,108000,1056,54,048bf5f142634de2b1fe67af9a20af00,2022-03-29_14-51-18,1648565478,5.290233612060547,309.18584632873535,15712,d30d74f2ddad,172.17.0.3,309.18584632873535,108000,54,10,eb2e2dd4,0.0,0.0,0.0,1.0,1.0,1.0,0.02,0.02,0.02,6.290794661204127,0.8824086461025109,4.297197586499589,108000,108000,2601.192,197.154,2594.682,71.624,1.0125000476837158,0.0002500000118743628,-0.2379317283630371,-0.22622966766357422,0.00032941094832494855,0.5213013887405396,0.01573120802640915,2.7959320545196533,0.009999999776482582,1.0125000476837158,0.0002500000118743628,-0.24012716114521027,-0.2287588119506836,0.0002538008557166904,0.3429539203643799,0.016216877847909927,2.8041772842407227,0.009999999776482582,1.0125000476837158,0.0002500000118743628,-0.23639625310897827,-0.2250988483428955,0.00029872910818085074,0.47392696142196655,0.016211440786719322,2.801021099090576,0.009999999776482582
3.0,0.0,0.03,88.48,21,2000,False,110000,1077,55,048bf5f142634de2b1fe67af9a20af00,2022-03-29_14-51-24,1648565484,5.656768321990967,314.8426146507263,15712,d30d74f2ddad,172.17.0.3,314.8426146507263,110000,55,10,eb2e2dd4,0.0,0.0,0.0,1.0,1.0,1.0,0.01,0.01,0.01,6.291322056726893,0.8831926548891671,4.294047430847372,110000,110000,2615.113,189.289,2593.405,68.682,1.0125000476837158,0.0002500000118743628,-0.24483859539031982,-0.23442044854164124,9.7398464276921e-05,0.34766045212745667,0.017231212928891182,2.7962162494659424,0.009999999776482582,1.0125000476837158,0.0002500000118743628,-0.2441803216934204,-0.23371542990207672,6.15461467532441e-05,0.2584252953529358,0.017180074006319046,2.7921266555786133,0.009999999776482582,1.0125000476837158,0.0002500000118743628,-0.241488516330719,-0.23073779046535492,7.511059084208682e-05,0.31304705142974854,0.016937732696533203,2.797531843185425,0.009999999776482582
3.0,0.0,0.06,95.0,26,2000,False,112000,1103,56,048bf5f142634de2b1fe67af9a20af00,2022-03-29_14-51-30,1648565490,5.46746563911438,320.3100802898407,15712,d30d74f2ddad,172.17.0.3,320.3100802898407,112000,56,10,eb2e2dd4,0.0,0.0,0.0,1.0,1.0,1.0,0.02,0.02,0.02,6.278079966444928,0.8836888734810385,4.294779818897373,112000,112000,2619.288,195.592,2583.234,67.433,1.0125000476837158,0.0002500000118743628,-0.09014478325843811,-0.0733431801199913,0.003178751328960061,0.23985806107521057,0.007839293219149113,2.7917637825012207,0.009999999776482582,1.0125000476837158,0.0002500000118743628,-0.08750791847705841,-0.07052354514598846,0.0031836016569286585,0.23969073593616486,0.007688809651881456,2.7952895164489746,0.009999999776482582,1.0125000476837158,0.0002500000118743628,-0.08950225263834,-0.07259579002857208,0.003119261469691992,0.26629990339279175,0.007897013798356056,2.8021459579467773,0.009999999776482582
3.0,-3.0,0.06,94.41,23,2000,False,114000,1126,57,048bf5f142634de2b1fe67af9a20af00,2022-03-29_14-51-35,1648565495,5.479705333709717,325.7897856235504,15712,d30d74f2ddad,172.17.0.3,325.7897856235504,114000,57,10,eb2e2dd4,-1.0,-1.0,-1.0,1.0,1.0,1.0,0.02,0.02,0.02,6.280047944294898,0.8827517164526338,4.290124579552673,114000,114000,2635.004,195.848,2572.657,69.452,1.0125000476837158,0.0002500000118743628,-0.12083395570516586,-0.10834622383117676,0.0051805684342980385,0.24932950735092163,0.010138384997844696,2.7933409214019775,0.009999999776482582,1.0125000476837158,0.0002500000118743628,-0.12083488702774048,-0.10762156546115875,0.004489190876483917,0.44300687313079834,0.0101243294775486,2.7953402996063232,0.009999999776482582,1.0125000476837158,0.0002500000118743628,-0.12363360077142715,-0.11145731061697006,0.005141282454133034,0.31531351804733276,0.010587921366095543,2.803783655166626,0.009999999776482582
3.0,-3.0,0.03,83.95,26,2000,False,116000,1152,58,048bf5f142634de2b1fe67af9a20af00,2022-03-29_14-51-41,1648565501,5.4729228019714355,331.26270842552185,15712,d30d74f2ddad,172.17.0.3,331.26270842552185,116000,58,10,eb2e2dd4,-1.0,-1.0,-1.0,1.0,1.0,1.0,0.01,0.01,0.01,6.258850395527139,0.8803299369004381,4.286459025568894,116000,116000,2631.548,195.795,2578.137,64.932,1.0125000476837158,0.0002500000118743628,-0.23992109298706055,-0.23007124662399292,0.00038229109486564994,0.2905541658401489,0.01745346002280712,2.7903761863708496,0.009999999776482582,1.0125000476837158,0.0002500000118743628,-0.23766010999679565,-0.2279384732246399,0.0005271866684779525,0.23704101145267487,0.017517419531941414,2.798520088195801,0.009999999776482582,1.0125000476837158,0.0002500000118743628,-0.24120643734931946,-0.23147231340408325,0.0003869120846502483,0.3367423713207245,0.0176264438778162,2.796778440475464,0.009999999776482582
3.0,-3.0,0.09,82.95,22,2000,False,118000,1174,59,048bf5f142634de2b1fe67af9a20af00,2022-03-29_14-51-46,1648565506,5.406954526901245,336.6696629524231,15712,d30d74f2ddad,172.17.0.3,336.6696629524231,118000,59,10,eb2e2dd4,-1.0,-1.0,-1.0,1.0,1.0,1.0,0.03,0.03,0.03,6.282039693387198,0.8839201929990259,4.286050079491935,118000,118000,2643.233,193.919,2566.139,63.679,1.0125000476837158,0.0002500000118743628,-0.10070672631263733,-0.08678088337182999,0.0044014956802129745,0.19444303214550018,0.009453976526856422,2.789950370788574,0.009999999776482582,1.0125000476837158,0.0002500000118743628,-0.10677626729011536,-0.09274795651435852,0.004206320736557245,0.23928135633468628,0.00964868813753128,2.800391912460327,0.009999999776482582,1.0125000476837158,0.0002500000118743628,-0.10435070097446442,-0.09073041379451752,0.004331903997808695,0.1972525268793106,0.009928575716912746,2.800487518310547,0.009999999776482582
3.0,-3.0,0.06,87.57,21,2000,False,120000,1195,60,048bf5f142634de2b1fe67af9a20af00,2022-03-29_14-51-52,1648565512,5.577586650848389,342.2472496032715,15712,d30d74f2ddad,172.17.0.3,342.2472496032715,120000,60,10,eb2e2dd4,-1.0,-1.0,-1.0,1.0,1.0,1.0,0.02,0.02,0.02,6.262840428511229,0.8826142651072283,4.287631462664997,120000,120000,2669.987,192.929,2549.676,63.453,1.0125000476837158,0.0002500000118743628,-0.24129855632781982,-0.23140695691108704,0.00018938689026981592,0.018768444657325745,0.01750561036169529,2.7805428504943848,0.009999999776482582,1.0125000476837158,0.0002500000118743628,-0.24306891858577728,-0.23259830474853516,0.0002203153562732041,0.29730069637298584,0.016987141221761703,2.7890429496765137,0.009999999776482582,1.0125000476837158,0.0002500000118743628,-0.24083679914474487,-0.23117655515670776,0.00028056485462002456,0.12516488134860992,0.01781223528087139,2.7975711822509766,0.009999999776482582
3.0,-3.0,0.06,85.92,17,2000,False,122000,1212,61,048bf5f142634de2b1fe67af9a20af00,2022-03-29_14-51-57,1648565517,5.352335453033447,347.59958505630493,15712,d30d74f2ddad,172.17.0.3,347.59958505630493,122000,61,10,eb2e2dd4,-1.0,-1.0,-1.0,1.0,1.0,1.0,0.02,0.02,0.02,6.260558340350001,0.8821040335669825,4.282711170904243,122000,122000,2645.618,192.877,2552.61,61.555,1.0125000476837158,0.0002500000118743628,-0.09486065059900284,-0.0781768411397934,0.0027165210340172052,0.31246063113212585,0.008438167162239552,2.7943968772888184,0.009999999776482582,1.0125000476837158,0.0002500000118743628,-0.10151129215955734,-0.08531847596168518,0.0026171673089265823,0.3424682319164276,0.009037241339683533,2.796020030975342,0.009999999776482582,1.0125000476837158,0.0002500000118743628,-0.09786827862262726,-0.08084382861852646,0.0022967096883803606,0.4078649878501892,0.008518286049365997,2.7945942878723145,0.009999999776482582
3.0,0.0,0.12,96.73,22,2000,False,124000,1234,62,048bf5f142634de2b1fe67af9a20af00,2022-03-29_14-52-03,1648565523,5.9154372215271,353.51502227783203,15712,d30d74f2ddad,172.17.0.3,353.51502227783203,124000,62,10,eb2e2dd4,0.0,0.0,0.0,1.0,1.0,1.0,0.04,0.04,0.04,6.27135628775751,0.88481578285672,4.282736612898908,124000,124000,2680.544,192.216,2551.99,61.653,1.0125000476837158,0.0002500000118743628,-0.1421041339635849,-0.12985064089298248,0.003194032236933708,0.260081022977829,0.012293210253119469,2.789440155029297,0.009999999776482582,1.0125000476837158,0.0002500000118743628,-0.14434054493904114,-0.13202516734600067,0.0033374978229403496,0.21490737795829773,0.012178434990346432,2.7983546257019043,0.009999999776482582,1.0125000476837158,0.0002500000118743628,-0.15307044982910156,-0.14232604205608368,0.0032828268595039845,0.24277694523334503,0.013744714669883251,2.7943780422210693,0.009999999776482582
3.0,-3.0,0.15,100.21,15,2000,False,126000,1249,63,048bf5f142634de2b1fe67af9a20af00,2022-03-29_14-52-09,1648565529,5.61921763420105,359.1342399120331,15712,d30d74f2ddad,172.17.0.3,359.1342399120331,126000,63,10,eb2e2dd4,-1.0,-1.0,-1.0,1.0,1.0,1.0,0.05,0.05,0.05,6.257781350977529,0.8829290407851924,4.284374852648376,126000,126000,2695.797,190.355,2545.014,61.133,1.0125000476837158,0.0002500000118743628,-0.1271970123052597,-0.1159706860780716,0.006118834018707275,0.5145202875137329,0.010421996004879475,2.789743661880493,0.009999999776482582,1.0125000476837158,0.0002500000118743628,-0.12369401007890701,-0.1132589727640152,0.006634683348238468,0.4829684793949127,0.01081159058958292,2.8016457557678223,0.009999999776482582,1.0125000476837158,0.0002500000118743628,-0.13036251068115234,-0.12028280645608902,0.0066325245425105095,0.5012669563293457,0.01110860425978899,2.795968532562256,0.009999999776482582
3.0,-3.0,0.12,110.27,15,2000,False,128000,1264,64,048bf5f142634de2b1fe67af9a20af00,2022-03-29_14-52-14,1648565534,5.456013441085815,364.5902533531189,15712,d30d74f2ddad,172.17.0.3,364.5902533531189,128000,64,10,eb2e2dd4,-1.0,-1.0,-1.0,1.0,1.0,1.0,0.04,0.04,0.04,6.247969531005995,0.8829535644102383,4.288309494545798,128000,128000,2709.766,191.17,2548.121,60.393,1.0125000476837158,0.0002500000118743628,-0.24216389656066895,-0.23208484053611755,0.0009051414672285318,0.5424749851226807,0.016696900129318237,2.78898024559021,0.009999999776482582,1.0125000476837158,0.0002500000118743628,-0.24070969223976135,-0.23040373623371124,0.0006187818944454193,0.5051910281181335,0.01680743135511875,2.79422664642334,0.009999999776482582,1.0125000476837158,0.0002500000118743628,-0.23969019949436188,-0.23089629411697388,0.0006823439034633338,0.5565491914749146,0.01815841533243656,2.786163568496704,0.009999999776482582
3.0,-3.0,0.09,112.48,16,2000,False,130000,1280,65,048bf5f142634de2b1fe67af9a20af00,2022-03-29_14-52-20,1648565540,5.319542407989502,369.9097957611084,15712,d30d74f2ddad,172.17.0.3,369.9097957611084,130000,65,10,eb2e2dd4,-1.0,-1.0,-1.0,1.0,1.0,1.0,0.03,0.03,0.03,6.25501215022293,0.8843936540707824,4.288766316023585,130000,130000,2673.358,190.222,2551.81,60.358,1.0125000476837158,0.0002500000118743628,-0.24669069051742554,-0.23659713566303253,0.00022810025257058442,0.4311937689781189,0.01725427806377411,2.779162883758545,0.009999999776482582,1.0125000476837158,0.0002500000118743628,-0.24421685934066772,-0.2347913384437561,0.0001772221876308322,0.4141992926597595,0.01810607686638832,2.7935171127319336,0.009999999776482582,1.0125000476837158,0.0002500000118743628,-0.24514199793338776,-0.23505829274654388,0.00022577433264814317,0.5178353786468506,0.017295092344284058,2.7820754051208496,0.009999999776482582
3.0,-3.0,0.09,119.31,14,2000,False,132000,1294,66,048bf5f142634de2b1fe67af9a20af00,2022-03-29_14-52-26,1648565546,5.700764417648315,375.6105601787567,15712,d30d74f2ddad,172.17.0.3,375.6105601787567,132000,66,10,eb2e2dd4,-1.0,-1.0,-1.0,1.0,1.0,1.0,0.03,0.03,0.03,6.265321253372711,0.8832573008876372,4.2865951582029025,132000,132000,2687.698,183.936,2567.993,59.371,1.0125000476837158,0.0002500000118743628,-0.2418038249015808,-0.2309069037437439,7.477517647203058e-05,0.19315405189990997,0.016702312976121902,2.7882797718048096,0.009999999776482582,1.0125000476837158,0.0002500000118743628,-0.24349398910999298,-0.23240478336811066,5.9765123296529055e-05,0.179616317152977,0.01662742905318737,2.79842209815979,0.009999999776482582,1.0125000476837158,0.0002500000118743628,-0.24511581659317017,-0.23512084782123566,6.124619540059939e-05,0.1968846619129181,0.017595797777175903,2.787196397781372,0.009999999776482582
3.0,-3.0,0.06,119.01,18,2000,False,134000,1312,67,048bf5f142634de2b1fe67af9a20af00,2022-03-29_14-52-31,1648565551,5.516662836074829,381.12722301483154,15712,d30d74f2ddad,172.17.0.3,381.12722301483154,134000,67,10,eb2e2dd4,-1.0,-1.0,-1.0,1.0,1.0,1.0,0.02,0.02,0.02,6.255433853632918,0.8825812174746368,4.288914138409208,134000,134000,2680.948,189.855,2573.88,57.8,1.0125000476837158,0.0002500000118743628,-0.24212241172790527,-0.2316417098045349,3.308185114292428e-05,-0.18323329091072083,0.01709493063390255,2.7822391986846924,0.009999999776482582,1.0125000476837158,0.0002500000118743628,-0.24460351467132568,-0.23580549657344818,2.791137194435578e-05,-1.0,0.01879282295703888,2.7853658199310303,0.009999999776482582,1.0125000476837158,0.0002500000118743628,-0.24456582963466644,-0.2355557680130005,2.9296314096427523e-05,-0.08795574307441711,0.01858910359442234,2.7860825061798096,0.009999999776482582
3.0,-3.0,0.09,113.38,27,2000,False,136000,1339,68,048bf5f142634de2b1fe67af9a20af00,2022-03-29_14-52-37,1648565557,5.72482967376709,386.85205268859863,15712,d30d74f2ddad,172.17.0.3,386.85205268859863,136000,68,10,eb2e2dd4,-1.0,-1.0,-1.0,1.0,1.0,1.0,0.03,0.03,0.03,6.244840227583206,0.8821710481712748,4.289046819646066,136000,136000,2707.483,190.49,2572.158,58.431,1.0125000476837158,0.0002500000118743628,-0.08205551654100418,-0.06740133464336395,0.005160395987331867,0.2756369709968567,0.00787423737347126,2.7787249088287354,0.009999999776482582,1.0125000476837158,0.0002500000118743628,-0.08157549053430557,-0.06722521781921387,0.0055877636186778545,0.20013658702373505,0.00783479679375887,2.787076234817505,0.009999999776482582,1.0125000476837158,0.0002500000118743628,-0.08171163499355316,-0.06739090383052826,0.005381240509450436,0.23219315707683563,0.008089765906333923,2.7892861366271973,0.009999999776482582
3.0,0.0,0.09,99.52,25,2000,False,138000,1364,69,048bf5f142634de2b1fe67af9a20af00,2022-03-29_14-52-43,1648565563,5.8799285888671875,392.7319812774658,15712,d30d74f2ddad,172.17.0.3,392.7319812774658,138000,69,10,eb2e2dd4,0.0,0.0,0.0,1.0,1.0,1.0,0.03,0.03,0.03,6.24513437454578,0.8823144043112385,4.287232595684438,138000,138000,2710.791,191.213,2613.206,59.396,1.0125000476837158,0.0002500000118743628,-0.16096793115139008,-0.14865893125534058,0.003018232062458992,0.35133254528045654,0.012241698801517487,2.7721948623657227,0.009999999776482582,1.0125000476837158,0.0002500000118743628,-0.14724890887737274,-0.1339518129825592,0.0027144351042807102,0.38493040204048157,0.011684981174767017,2.784255027770996,0.009999999776482582,1.0125000476837158,0.0002500000118743628,-0.1536829173564911,-0.1414327323436737,0.0027560684829950333,0.34471726417541504,0.012650076299905777,2.7814435958862305,0.009999999776482582
3.0,0.0,0.09,95.58,16,2000,False,140000,1380,70,048bf5f142634de2b1fe67af9a20af00,2022-03-29_14-52-49,1648565569,5.670955419540405,398.4029366970062,15712,d30d74f2ddad,172.17.0.3,398.4029366970062,140000,70,10,eb2e2dd4,0.0,0.0,0.0,1.0,1.0,1.0,0.03,0.03,0.03,6.237553578839145,0.8805737972676527,4.289122241670853,140000,140000,2707.511,191.107,2626.958,58.676,1.0125000476837158,0.0002500000118743628,-0.24474060535430908,-0.2337406724691391,0.00024555527488701046,0.30816709995269775,0.01637027971446514,2.782042980194092,0.009999999776482582,1.0125000476837158,0.0002500000118743628,-0.24321961402893066,-0.23299214243888855,0.00024188474344555289,0.10555021464824677,0.01718035340309143,2.786445140838623,0.009999999776482582,1.0125000476837158,0.0002500000118743628,-0.2419969141483307,-0.23189812898635864,0.00026543092099018395,0.3497321605682373,0.01725669950246811,2.783663272857666,0.009999999776482582
3.0,0.0,0.12,93.78,22,2000,False,142000,1402,71,048bf5f142634de2b1fe67af9a20af00,2022-03-29_14-52-54,1648565574,5.669690847396851,404.0726275444031,15712,d30d74f2ddad,172.17.0.3,404.0726275444031,142000,71,10,eb2e2dd4,0.0,0.0,0.0,1.0,1.0,1.0,0.04,0.04,0.04,6.21315149069,0.878794326655424,4.297154542067862,142000,142000,2734.554,190.851,2632.705,58.28,1.0125000476837158,0.0002500000118743628,-0.1089484691619873,-0.09408614784479141,0.0031440607272088528,0.2627742886543274,0.009664100594818592,2.779129981994629,0.009999999776482582,1.0125000476837158,0.0002500000118743628,-0.10341762006282806,-0.08795368671417236,0.0030744511168450117,0.28096190094947815,0.009218653663992882,2.787226676940918,0.009999999776482582,1.0125000476837158,0.0002500000118743628,-0.10545000433921814,-0.09065094590187073,0.003030578140169382,0.2994530200958252,0.009841845370829105,2.7794480323791504,0.009999999776482582
3.0,0.0,0.12,95.24,19,2000,False,144000,1421,72,048bf5f142634de2b1fe67af9a20af00,2022-03-29_14-53-00,1648565580,5.515770435333252,409.5883979797363,15712,d30d74f2ddad,172.17.0.3,409.5883979797363,144000,72,10,eb2e2dd4,0.0,0.0,0.0,1.0,1.0,1.0,0.04,0.04,0.04,6.220356217691267,0.8803191746775192,4.298553959132711,144000,144000,2690.915,192.597,2633.767,58.858,1.0125000476837158,0.0002500000118743628,-0.14961940050125122,-0.13630367815494537,0.0020003565587103367,-0.04380330443382263,0.012277537025511265,2.7747082710266113,0.009999999776482582,1.0125000476837158,0.0002500000118743628,-0.15042847394943237,-0.13694576919078827,0.0018828402971848845,0.02144569158554077,0.012385005131363869,2.790536403656006,0.009999999776482582,1.0125000476837158,0.0002500000118743628,-0.15074920654296875,-0.1378413438796997,0.0021887626498937607,0.2539164423942566,0.012465059757232666,2.7717480659484863,0.009999999776482582
3.0,-3.0,0.06,100.32,11,2000,False,146000,1432,73,048bf5f142634de2b1fe67af9a20af00,2022-03-29_14-53-05,1648565585,5.467733860015869,415.0561318397522,15712,d30d74f2ddad,172.17.0.3,415.0561318397522,146000,73,10,eb2e2dd4,-1.0,-1.0,-1.0,1.0,1.0,1.0,0.02,0.02,0.02,6.224177045436579,0.8800173179509434,4.30439674597356,146000,146000,2673.644,193.108,2635.576,59.542,1.0125000476837158,0.0002500000118743628,-0.14206966757774353,-0.12860356271266937,0.0024829597678035498,0.46868789196014404,0.011779414489865303,2.787571430206299,0.009999999776482582,1.0125000476837158,0.0002500000118743628,-0.14588236808776855,-0.13232505321502686,0.002062800107523799,0.5581927299499512,0.012206025421619415,2.797872304916382,0.009999999776482582,1.0125000476837158,0.0002500000118743628,-0.13274361193180084,-0.11908617615699768,0.0021721639204770327,0.5202296376228333,0.0118840541690588,2.786221504211426,0.009999999776482582
3.0,-3.0,0.06,110.22,14,2000,False,148000,1446,74,048bf5f142634de2b1fe67af9a20af00,2022-03-29_14-53-11,1648565591,5.406778335571289,420.4629101753235,15712,d30d74f2ddad,172.17.0.3,420.4629101753235,148000,74,10,eb2e2dd4,-1.0,-1.0,-1.0,1.0,1.0,1.0,0.02,0.02,0.02,6.219743508175136,0.8791938106363155,4.3086950301682245,148000,148000,2669.199,192.293,2633.889,60.957,1.0125000476837158,0.0002500000118743628,-0.24163907766342163,-0.23109310865402222,0.00022197166981641203,0.24869821965694427,0.01689230278134346,2.787137985229492,0.009999999776482582,1.0125000476837158,0.0002500000118743628,-0.2396649271249771,-0.22890208661556244,0.0002778664056677371,0.11329665780067444,0.01665196381509304,2.7900829315185547,0.009999999776482582,1.0125000476837158,0.0002500000118743628,-0.24546325206756592,-0.2355162799358368,0.00031311786733567715,0.4096514582633972,0.017286600545048714,2.7762789726257324,0.009999999776482582
3.0,-3.0,0.03,119.98,23,2000,False,150000,1469,75,048bf5f142634de2b1fe67af9a20af00,2022-03-29_14-53-16,1648565596,5.48754096031189,425.9504511356354,15712,d30d74f2ddad,172.17.0.3,425.9504511356354,150000,75,10,eb2e2dd4,-1.0,-1.0,-1.0,1.0,1.0,1.0,0.01,0.01,0.01,6.215973709274576,0.8771638840933673,4.312530547645704,150000,150000,2695.425,192.695,2623.838,60.738,1.0125000476837158,0.0002500000118743628,-0.24286609888076782,-0.23254434764385223,5.585574763244949e-05,0.12934686243534088,0.017201846465468407,2.779447078704834,0.009999999776482582,1.0125000476837158,0.0002500000118743628,-0.2428542971611023,-0.2319391369819641,6.591014243895188e-05,0.051390618085861206,0.016672754660248756,2.786219358444214,0.009999999776482582,1.0125000476837158,0.0002500000118743628,-0.24164098501205444,-0.230768084526062,0.00010048094554804265,0.37223106622695923,0.016603704541921616,2.778463840484619,0.009999999776482582
3.0,-3.0,0.03,123.43,19,2000,False,152000,1488,76,048bf5f142634de2b1fe67af9a20af00,2022-03-29_14-53-22,1648565602,5.463477373123169,431.41392850875854,15712,d30d74f2ddad,172.17.0.3,431.41392850875854,152000,76,10,eb2e2dd4,-1.0,-1.0,-1.0,1.0,1.0,1.0,0.01,0.01,0.01,6.233173787774026,0.8788136159254825,4.3084099332705454,152000,152000,2679.405,192.6,2615.6,62.224,1.0125000476837158,0.0002500000118743628,-0.24416252970695496,-0.23316369950771332,2.1986759747960605e-05,-0.3631231188774109,0.016555961221456528,2.7783701419830322,0.009999999776482582,1.0125000476837158,0.0002500000118743628,-0.24156293272972107,-0.23076753318309784,2.312419019290246e-05,-0.37703779339790344,0.016850117594003677,2.787925958633423,0.009999999776482582,1.0125000476837158,0.0002500000118743628,-0.24187074601650238,-0.230972558259964,3.4707663871813565e-05,0.20418821275234222,0.01663258858025074,2.777339458465576,0.009999999776482582
3.0,-3.0,0.03,114.84,18,2000,False,154000,1506,77,048bf5f142634de2b1fe67af9a20af00,2022-03-29_14-53-27,1648565607,5.476890802383423,436.89081931114197,15712,d30d74f2ddad,172.17.0.3,436.89081931114197,154000,77,10,eb2e2dd4,-1.0,-1.0,-1.0,1.0,1.0,1.0,0.01,0.01,0.01,6.227304113498287,0.8790705959689498,4.309131966772853,154000,154000,2672.269,186.738,2622.872,62.995,1.0125000476837158,0.0002500000118743628,-0.08632498979568481,-0.06914336234331131,0.002327444963157177,0.3163394033908844,0.008289720863103867,2.7902421951293945,0.009999999776482582,1.0125000476837158,0.0002500000118743628,-0.08518535643815994,-0.06831112504005432,0.002754733432084322,0.3386378884315491,0.00824920367449522,2.7981276512145996,0.009999999776482582,1.0125000476837158,0.0002500000118743628,-0.0858282595872879,-0.0696505606174469,0.002803309354931116,0.35304397344589233,0.008652374148368835,2.7741541862487793,0.009999999776482582
3.0,-3.0,0.03,115.43,20,2000,False,156000,1526,78,048bf5f142634de2b1fe67af9a20af00,2022-03-29_14-53-33,1648565613,5.689893007278442,442.5807123184204,15712,d30d74f2ddad,172.17.0.3,442.5807123184204,156000,78,10,eb2e2dd4,-1.0,-1.0,-1.0,1.0,1.0,1.0,0.01,0.01,0.01,6.228612460468839,0.8791048776924942,4.310482453593269,156000,156000,2656.608,193.102,2629.369,62.188,1.0125000476837158,0.0002500000118743628,-0.14331382513046265,-0.13088595867156982,0.003278487827628851,0.1224985122680664,0.011954736895859241,2.7810537815093994,0.009999999776482582,1.0125000476837158,0.0002500000118743628,-0.14086848497390747,-0.12774091958999634,0.002850036136806011,0.20966190099716187,0.011815478093922138,2.7940778732299805,0.009999999776482582,1.0125000476837158,0.0002500000118743628,-0.1416882425546646,-0.12923549115657806,0.0030619227327406406,0.24244827032089233,0.011981584131717682,2.7646028995513916,0.009999999776482582
3.0,0.0,0.06,104.64,11,2000,False,158000,1537,79,048bf5f142634de2b1fe67af9a20af00,2022-03-29_14-53-39,1648565619,5.54888653755188,448.1295988559723,15712,d30d74f2ddad,172.17.0.3,448.1295988559723,158000,79,10,eb2e2dd4,0.0,0.0,0.0,1.0,1.0,1.0,0.02,0.02,0.02,6.243336746574372,0.8790662294517023,4.307055129478506,158000,158000,2659.729,193.197,2595.179,60.669,1.0125000476837158,0.0002500000118743628,-0.23961985111236572,-0.22943635284900665,0.00021585308422800153,0.20472978055477142,0.017229342833161354,2.784405469894409,0.009999999776482582,1.0125000476837158,0.0002500000118743628,-0.24425071477890015,-0.234113410115242,0.00017514541104901582,-0.11385399103164673,0.01740766502916813,2.793768882751465,0.009999999776482582,1.0125000476837158,0.0002500000118743628,-0.2369893491268158,-0.22680997848510742,0.0002475502551533282,0.17107805609703064,0.0170537568628788,2.769385814666748,0.009999999776482582
3.0,0.0,0.09,115.89,18,2000,False,160000,1555,80,048bf5f142634de2b1fe67af9a20af00,2022-03-29_14-53-45,1648565625,5.712961196899414,453.8425600528717,15712,d30d74f2ddad,172.17.0.3,453.8425600528717,160000,80,10,eb2e2dd4,0.0,0.0,0.0,1.0,1.0,1.0,0.03,0.03,0.03,6.262294269851292,0.8798303564409116,4.302721809696859,160000,160000,2665.451,195.057,2591.271,61.037,1.0125000476837158,0.0002500000118743628,-0.09754837304353714,-0.08176445215940475,0.0026585732121020555,0.2915557026863098,0.009227090515196323,2.7784924507141113,0.009999999776482582,1.0125000476837158,0.0002500000118743628,-0.09850536286830902,-0.0827322006225586,0.0028067356906831264,0.3184168338775635,0.009284906089305878,2.7980856895446777,0.009999999776482582,1.0125000476837158,0.0002500000118743628,-0.10371502488851547,-0.08868812024593353,0.0027047486510127783,0.3236902356147766,0.009826772846281528,2.7681264877319336,0.009999999776482582
3.0,-3.0,0.06,109.14,24,2000,False,162000,1579,81,048bf5f142634de2b1fe67af9a20af00,2022-03-29_14-53-50,1648565630,5.4510557651519775,459.2936158180237,15712,d30d74f2ddad,172.17.0.3,459.2936158180237,162000,81,10,eb2e2dd4,-1.0,-1.0,-1.0,1.0,1.0,1.0,0.02,0.02,0.02,6.2717538878543015,0.8795439081647162,4.303560223959466,162000,162000,2648.51,195.574,2586.06,61.175,1.0125000476837158,0.0002500000118743628,-0.14817002415657043,-0.13552649319171906,0.002646444132551551,0.4355665445327759,0.012294973246753216,2.7738637924194336,0.009999999776482582,1.0125000476837158,0.0002500000118743628,-0.15065674483776093,-0.13789057731628418,0.0025262634735554457,0.45512688159942627,0.012432055547833443,2.7879889011383057,0.009999999776482582,1.0125000476837158,0.0002500000118743628,-0.15269893407821655,-0.1398186981678009,0.002326827496290207,0.43274641036987305,0.012269319966435432,2.7629754543304443,0.009999999776482582
3.0,-3.0,0.03,108.81,26,2000,False,164000,1605,82,048bf5f142634de2b1fe67af9a20af00,2022-03-29_14-53-56,1648565636,5.674072742462158,464.96768856048584,15712,d30d74f2ddad,172.17.0.3,464.96768856048584,164000,82,10,eb2e2dd4,-1.0,-1.0,-1.0,1.0,1.0,1.0,0.01,0.01,0.01,6.2877089636489005,0.8781947527502946,4.305919915011818,164000,164000,2669.761,194.067,2584.063,60.763,1.0125000476837158,0.0002500000118743628,-0.23945167660713196,-0.22995896637439728,0.00026356999296694994,-0.09698891639709473,0.017630035057663918,2.760669469833374,0.009999999776482582,1.0125000476837158,0.0002500000118743628,-0.2433641254901886,-0.2337968796491623,0.00027540037990547717,0.04400932788848877,0.01779703050851822,2.786214828491211,0.009999999776482582,1.0125000476837158,0.0002500000118743628,-0.23740309476852417,-0.22732572257518768,0.0002517511020414531,-0.22363853454589844,0.01709994487464428,2.764284610748291,0.009999999776482582
3.0,-3.0,0.03,96.68,24,2000,False,166000,1629,83,048bf5f142634de2b1fe67af9a20af00,2022-03-29_14-54-01,1648565641,5.538363218307495,470.50605177879333,15712,d30d74f2ddad,172.17.0.3,470.50605177879333,166000,83,10,eb2e2dd4,-1.0,-1.0,-1.0,1.0,1.0,1.0,0.01,0.01,0.01,6.286269457331611,0.8784165541714469,4.3045538897545494,166000,166000,2686.478,193.9,2575.959,60.038,1.0125000476837158,0.0002500000118743628,-0.10404600203037262,-0.08863669633865356,0.002808014862239361,0.332991361618042,0.009378470480442047,2.7713027000427246,0.009999999776482582,1.0125000476837158,0.0002500000118743628,-0.10845178365707397,-0.09338271617889404,0.0028494426514953375,0.30038100481033325,0.009817834012210369,2.7859067916870117,0.009999999776482582,1.0125000476837158,0.0002500000118743628,-0.10549841821193695,-0.09112367033958435,0.0025555999018251896,0.3779435455799103,0.010614989325404167,2.7678022384643555,0.009999999776482582
3.0,-3.0,0.03,90.46,19,2000,False,168000,1648,84,048bf5f142634de2b1fe67af9a20af00,2022-03-29_14-54-07,1648565647,5.523973226547241,476.0300250053406,15712,d30d74f2ddad,172.17.0.3,476.0300250053406,168000,84,10,eb2e2dd4,-1.0,-1.0,-1.0,1.0,1.0,1.0,0.01,0.01,0.01,6.269237231238864,0.8784100623086561,4.303384217923542,168000,168000,2713.817,192.455,2565.039,57.614,1.0125000476837158,0.0002500000118743628,-0.12501809000968933,-0.1134481355547905,0.004803227726370096,0.42345312237739563,0.011218687519431114,2.7732112407684326,0.009999999776482582,1.0125000476837158,0.0002500000118743628,-0.12736138701438904,-0.11631931364536285,0.005021692253649235,0.3964400291442871,0.011645596474409103,2.785494804382324,0.009999999776482582,1.0125000476837158,0.0002500000118743628,-0.1331201046705246,-0.12259362637996674,0.004656035453081131,0.47264528274536133,0.012256961315870285,2.7592668533325195,0.009999999776482582
3.0,-3.0,0.0,89.92,14,2000,False,170000,1662,85,048bf5f142634de2b1fe67af9a20af00,2022-03-29_14-54-12,1648565652,5.453337669372559,481.48336267471313,15712,d30d74f2ddad,172.17.0.3,481.48336267471313,170000,85,10,eb2e2dd4,-1.0,-1.0,-1.0,1.0,1.0,1.0,0.0,0.0,0.0,6.282504304259333,0.8790604433522169,4.305368072095335,170000,170000,2704.032,191.306,2570.946,59.6,1.0125000476837158,0.0002500000118743628,-0.1766357272863388,-0.1656300127506256,0.0026134022045880556,0.35122331976890564,0.01391514576971531,2.770817756652832,0.009999999776482582,1.0125000476837158,0.0002500000118743628,-0.1716422736644745,-0.16034278273582458,0.002458410570397973,0.4811120629310608,0.013882940635085106,2.781437397003174,0.009999999776482582,1.0125000476837158,0.0002500000118743628,-0.17567439377307892,-0.16484345495700836,0.0024300036020576954,0.39260733127593994,0.014184117317199707,2.762235164642334,0.009999999776482582
3.0,-3.0,0.0,94.73,10,2000,False,172000,1672,86,048bf5f142634de2b1fe67af9a20af00,2022-03-29_14-54-18,1648565658,5.561403751373291,487.0447664260864,15712,d30d74f2ddad,172.17.0.3,487.0447664260864,172000,86,10,eb2e2dd4,-1.0,-1.0,-1.0,1.0,1.0,1.0,0.0,0.0,0.0,6.263288169635859,0.878643312650904,4.301351179859721,172000,172000,2705.048,191.064,2580.585,59.212,1.0125000476837158,0.0002500000118743628,-0.24813543260097504,-0.239141583442688,0.00028966052923351526,0.06784066557884216,0.0182530228048563,2.776468276977539,0.009999999776482582,1.0125000476837158,0.0002500000118743628,-0.2471783608198166,-0.23832759261131287,0.0003453020181041211,0.11642760038375854,0.018347401171922684,2.7772812843322754,0.009999999776482582,1.0125000476837158,0.0002500000118743628,-0.2439000904560089,-0.23566189408302307,0.00032094845664687455,0.11991262435913086,0.01881195232272148,2.7606263160705566,0.009999999776482582
3.0,-3.0,0.0,105.39,24,2000,False,174000,1696,87,048bf5f142634de2b1fe67af9a20af00,2022-03-29_14-54-24,1648565664,5.401139259338379,492.4459056854248,15712,d30d74f2ddad,172.17.0.3,492.4459056854248,174000,87,10,eb2e2dd4,-1.0,-1.0,-1.0,1.0,1.0,1.0,0.0,0.0,0.0,6.274092101300528,0.8792356300878165,4.297301303416214,174000,174000,2709.106,190.968,2570.662,57.898,1.0125000476837158,0.0002500000118743628,-0.2395949810743332,-0.23000314831733704,7.813086995156482e-05,-0.20346006751060486,0.01769685186445713,2.758805751800537,0.009999999776482582,1.0125000476837158,0.0002500000118743628,-0.2404729276895523,-0.23017765581607819,8.876600622897968e-05,0.13123026490211487,0.017222505062818527,2.7821829319000244,0.009999999776482582,1.0125000476837158,0.0002500000118743628,-0.24063149094581604,-0.23169657588005066,7.688592449994758e-05,0.0703805536031723,0.018249450251460075,2.7489371299743652,0.009999999776482582
3.0,-3.0,0.06,108.19,27,2000,False,176000,1723,88,048bf5f142634de2b1fe67af9a20af00,2022-03-29_14-54-29,1648565669,5.438586235046387,497.8844919204712,15712,d30d74f2ddad,172.17.0.3,497.8844919204712,176000,88,10,eb2e2dd4,-1.0,-1.0,-1.0,1.0,1.0,1.0,0.02,0.02,0.02,6.280530090740092,0.8786961228575697,4.295113141013044,176000,176000,2699.448,183.834,2562.552,57.616,1.0125000476837158,0.0002500000118743628,-0.10544035583734512,-0.0928107351064682,0.005062534008175135,0.36958304047584534,0.009849807247519493,2.7665088176727295,0.009999999776482582,1.0125000476837158,0.0002500000118743628,-0.1054648905992508,-0.09209556132555008,0.004563425201922655,0.435194194316864,0.0098339868709445,2.7889676094055176,0.009999999776482582,1.0125000476837158,0.0002500000118743628,-0.10561100393533707,-0.09348292648792267,0.005048901773989201,0.3815641403198242,0.010262111201882362,2.7567367553710938,0.009999999776482582
3.0,-3.0,0.03,107.43,18,2000,False,178000,1741,89,048bf5f142634de2b1fe67af9a20af00,2022-03-29_14-54-35,1648565675,5.665938138961792,503.550430059433,15712,d30d74f2ddad,172.17.0.3,503.550430059433,178000,89,10,eb2e2dd4,-1.0,-1.0,-1.0,1.0,1.0,1.0,0.01,0.01,0.01,6.277773521947839,0.8788655755178738,4.2951346861465165,178000,178000,2694.292,190.476,2572.461,57.5,1.0125000476837158,0.0002500000118743628,-0.2405199110507965,-0.23114639520645142,0.0005269174580462277,0.21978630125522614,0.01752188429236412,2.7641336917877197,0.009999999776482582,1.0125000476837158,0.0002500000118743628,-0.24225261807441711,-0.23264753818511963,0.0005803019157610834,0.2439395934343338,0.01738496869802475,2.778764009475708,0.009999999776482582,1.0125000476837158,0.0002500000118743628,-0.24167802929878235,-0.2323627769947052,0.000555780716240406,0.3541003465652466,0.017377160489559174,2.74653959274292,0.009999999776482582
3.0,-3.0,0.06,99.43,19,2000,False,180000,1760,90,048bf5f142634de2b1fe67af9a20af00,2022-03-29_14-54-40,1648565680,5.445993185043335,508.9964232444763,15712,d30d74f2ddad,172.17.0.3,508.9964232444763,180000,90,10,eb2e2dd4,-1.0,-1.0,-1.0,1.0,1.0,1.0,0.02,0.02,0.02,6.265596088475622,0.8779699129937236,4.299009174668741,180000,180000,2674.419,188.696,2568.464,55.881,1.0125000476837158,0.0002500000118743628,-0.10532180964946747,-0.09146389365196228,0.004327773582190275,0.40410277247428894,0.009379707276821136,2.768263578414917,0.009999999776482582,1.0125000476837158,0.0002500000118743628,-0.10971664637327194,-0.09595101326704025,0.004282620269805193,0.4212568402290344,0.009599421173334122,2.7767670154571533,0.009999999776482582,1.0125000476837158,0.0002500000118743628,-0.10632554441690445,-0.09305226802825928,0.0048997667618095875,0.34039586782455444,0.00923648290336132,2.7524962425231934,0.009999999776482582
3.0,-3.0,0.09,97.61,20,2000,False,182000,1780,91,048bf5f142634de2b1fe67af9a20af00,2022-03-29_14-54-46,1648565686,5.504949331283569,514.5013725757599,15712,d30d74f2ddad,172.17.0.3,514.5013725757599,182000,91,10,eb2e2dd4,-1.0,-1.0,-1.0,1.0,1.0,1.0,0.03,0.03,0.03,6.285695922833514,0.8791157592560646,4.299237196853272,182000,182000,2665.681,188.243,2581.873,56.261,1.0125000476837158,0.0002500000118743628,-0.16287624835968018,-0.15212592482566833,0.003126948606222868,0.2018309384584427,0.013592260889708996,2.763944149017334,0.009999999776482582,1.0125000476837158,0.0002500000118743628,-0.1605955809354782,-0.14963582158088684,0.003297938499599695,0.23012462258338928,0.013322976417839527,2.77472186088562,0.009999999776482582,1.0125000476837158,0.0002500000118743628,-0.15684448182582855,-0.1459130048751831,0.002811654005199671,0.2534600794315338,0.013605128973722458,2.7518341541290283,0.009999999776482582
3.0,-3.0,0.09,93.17,22,2000,False,184000,1802,92,048bf5f142634de2b1fe67af9a20af00,2022-03-29_14-54-52,1648565692,5.694694995880127,520.19606757164,15712,d30d74f2ddad,172.17.0.3,520.19606757164,184000,92,10,eb2e2dd4,-1.0,-1.0,-1.0,1.0,1.0,1.0,0.03,0.03,0.03,6.279791328130753,0.8789807253851774,4.300063758177496,184000,184000,2658.52,187.866,2590.366,56.985,1.0125000476837158,0.0002500000118743628,-0.15295585989952087,-0.14086180925369263,0.002472981810569763,0.35592249035835266,0.012915084138512611,2.7643535137176514,0.009999999776482582,1.0125000476837158,0.0002500000118743628,-0.14848390221595764,-0.13659800589084625,0.0027132215909659863,0.40383440256118774,0.012972831726074219,2.773411989212036,0.009999999776482582,1.0125000476837158,0.0002500000118743628,-0.16054639220237732,-0.14928102493286133,0.0024557241704314947,0.4668245315551758,0.01356810424476862,2.7458813190460205,0.009999999776482582
3.0,-3.0,0.06,95.8,17,2000,False,186000,1819,93,048bf5f142634de2b1fe67af9a20af00,2022-03-29_14-54-57,1648565697,5.5193400382995605,525.7154076099396,15712,d30d74f2ddad,172.17.0.3,525.7154076099396,186000,93,10,eb2e2dd4,-1.0,-1.0,-1.0,1.0,1.0,1.0,0.02,0.02,0.02,6.269343413683888,0.8793268859752499,4.299349453895314,186000,186000,2643.07,187.977,2602.106,57.745,1.0125000476837158,0.0002500000118743628,-0.24045810103416443,-0.23141655325889587,0.00030462403083220124,0.2208581268787384,0.01811422035098076,2.768681049346924,0.009999999776482582,1.0125000476837158,0.0002500000118743628,-0.24500097334384918,-0.2357207089662552,0.000287706614471972,0.19017288088798523,0.017941605299711227,2.773383140563965,0.009999999776482582,1.0125000476837158,0.0002500000118743628,-0.24206547439098358,-0.23319728672504425,0.0003459725994616747,0.14289645850658417,0.018072260543704033,2.7512314319610596,0.009999999776482582
